0.17191316	0.43892583	0.08061871	-0.30016184	-0.014603259	-0.086763315	0.1558627	0.31735477	0.0029747516	-0.3427732	-0.21409036	-0.18771899	0.66283554	-0.3998655	-0.12199071	0.09879166	0.06572446	0.3536828	0.015303978	-0.34672594	0.45647576	0.39819333	0.05736044	-0.5241564	0.114696026	0.03889027	-0.27271527	0.4445261	0.59020513	0.027077528
0.15429817	0.41429344	0.08016264	-0.31493014	-0.0401773	-0.09128262	0.17355156	0.33865494	-0.01739125	-0.31627002	-0.20349637	-0.19482826	0.6201418	-0.37926435	-0.08451292	0.069756396	0.08591001	0.3338004	0.031413637	-0.3457168	0.46584314	0.42990643	0.012588319	-0.4799835	0.124792956	0.02131215	-0.2723394	0.44379964	0.56631327	0.0051419367
0.16309361	0.45794526	0.09286216	-0.30787787	-0.03164734	-0.056185286	0.1499064	0.3224018	0.006095582	-0.34067416	-0.19583605	-0.20738074	0.65310526	-0.379961	-0.105494715	0.12156935	0.053448927	0.36543262	0.01013394	-0.3867634	0.45386314	0.43195078	0.054239422	-0.5239739	0.12886524	0.028034564	-0.2575677	0.4688872	0.58178884	-0.0002972
0.2142133	0.4111554	0.09538755	-0.2811393	-0.011748423	-0.05602883	0.120140076	0.29604363	0.014398449	-0.32239878	-0.23622534	-0.2093536	0.68019223	-0.38955685	-0.10601291	0.13258547	0.07591026	0.37002546	0.023121037	-0.36931184	0.48155928	0.42689714	0.071716465	-0.5249818	0.1425166	0.040483348	-0.27393013	0.408547	0.5784687	0.010174775
0.15881212	0.49772212	0.085741915	-0.29110143	-0.11193001	-0.022208912	0.13963252	0.31534496	-0.010665226	-0.28740346	-0.10533832	-0.17179343	0.58056825	-0.3548267	-0.08821487	0.17284888	0.029703787	0.41374674	0.020993605	-0.41420048	0.47811285	0.4103694	0.021438034	-0.46535966	0.08687224	0.04180475	-0.27925798	0.51016665	0.5526617	-0.057896946
0.20703126	0.4021307	0.05989241	-0.26291883	-0.033147145	-0.029596781	0.13265124	0.2825498	0.020611102	-0.337526	-0.22920792	-0.19268687	0.6541207	-0.3716928	-0.108158916	0.12674357	0.073749945	0.36803055	0.033068668	-0.38123348	0.48171264	0.4189519	0.02971108	-0.51473	0.13155015	0.048825055	-0.2944383	0.38522947	0.5544827	-0.014353766
0.15083672	0.4586515	0.09036642	-0.2918117	-0.04936406	-0.0895979	0.18665965	0.3404537	-0.020702176	-0.32896653	-0.18913825	-0.18855678	0.62183887	-0.39600644	-0.084877685	0.102670036	0.06883902	0.3764894	0.021105107	-0.36004412	0.48202842	0.4158769	0.05677539	-0.52387553	0.0961622	0.009690745	-0.28654125	0.46054682	0.580083	-0.0018171526
0.20895159	0.43434206	0.076574646	-0.25252724	-0.05511335	-0.07078472	0.14063318	0.31956643	-0.0065206303	-0.31111395	-0.19719975	-0.19792844	0.63590854	-0.37887728	-0.11250502	0.103735596	0.053009305	0.344701	0.04619255	-0.35397208	0.46429348	0.39948705	0.022604099	-0.49269196	0.11431376	0.015145814	-0.28711283	0.43318942	0.5487726	-0.026318666
0.16951816	0.43065482	0.08169608	-0.26708397	-0.076848805	-0.06218369	0.14248441	0.3256536	-0.015361676	-0.2851197	-0.1715495	-0.19542585	0.57406795	-0.32740462	-0.09954424	0.10019445	0.05585577	0.3731023	0.05132742	-0.35094208	0.48085272	0.40098232	0.037494507	-0.4488825	0.07756733	0.013470605	-0.2656172	0.44154388	0.55066955	-0.035865784
0.1353786	0.47143626	0.10895796	-0.29309875	-0.07342618	-0.05031396	0.17157893	0.33352458	-0.004413838	-0.33300355	-0.15489604	-0.14467429	0.62103754	-0.36921737	-0.088275135	0.110366315	0.056016695	0.35498396	0.036312085	-0.382976	0.46392187	0.42402646	0.018360564	-0.5105915	0.107805856	0.016877959	-0.28103086	0.48032242	0.56812316	-0.030965712
0.18447098	0.4610316	0.09182691	-0.26074415	-0.06416457	-0.05247988	0.16307355	0.31979597	-0.024487544	-0.3135337	-0.16363218	-0.2131281	0.6154997	-0.35894233	-0.09877006	0.11127411	0.05438575	0.34657592	0.030531794	-0.35977623	0.45245364	0.399656	0.032717947	-0.47851393	0.096849516	0.012884874	-0.24344298	0.47049046	0.55946064	-0.019503843
0.18475652	0.495642	0.09474604	-0.27501088	-0.1013343	-0.045819614	0.1584284	0.3139544	-0.0016389735	-0.32408306	-0.16834573	-0.19149387	0.61568624	-0.3794491	-0.1004712	0.123922534	0.058175996	0.37118146	0.03189947	-0.40134412	0.49689925	0.4336339	0.022617752	-0.5080136	0.11106503	0.040676232	-0.2763003	0.44895992	0.5691522	-0.034408256
0.17395149	0.4559255	0.10230802	-0.28933933	-0.026214799	-0.08277763	0.1557854	0.33365032	-0.024313066	-0.31683654	-0.18851303	-0.20158532	0.6070092	-0.3709254	-0.083403714	0.10231886	0.05211527	0.36107847	0.034161787	-0.3828764	0.47332662	0.38533294	0.049804475	-0.44924226	0.074289024	0.035021495	-0.26845372	0.44389415	0.55955374	-0.0062887645
0.14034647	0.45874795	0.07458764	-0.2897019	-0.094887145	-0.07007978	0.17686385	0.33372715	-0.0021268448	-0.30458304	-0.16669597	-0.18310334	0.58446366	-0.3288575	-0.06609924	0.10197589	0.064541124	0.36217704	0.0018861014	-0.3884779	0.48184937	0.39876634	0.023185601	-0.49593833	0.067208804	0.042296212	-0.27161533	0.48269218	0.5669502	-0.017524783
0.1847145	0.45295715	0.09161562	-0.27716625	-0.068758555	-0.06809525	0.15797111	0.3130024	0.012635606	-0.3127898	-0.16377915	-0.18621962	0.62092406	-0.3710136	-0.11327315	0.10428068	0.07095576	0.3781321	0.028139545	-0.3798049	0.47139084	0.3817194	0.054327026	-0.48966312	0.0898038	0.0067452528	-0.28965348	0.46087527	0.5745062	-0.028706087
0.1766415	0.4270287	0.085925624	-0.26612088	-0.04147249	-0.054026403	0.13919108	0.32028884	0.000480044	-0.30877438	-0.1685971	-0.18074879	0.58709437	-0.3609266	-0.085552976	0.108101964	0.06657319	0.34711295	0.027220776	-0.36746255	0.46643165	0.38611582	0.03349836	-0.45129865	0.09534829	0.027996613	-0.25898358	0.45444846	0.54569083	-0.0172008
0.14570996	0.47703165	0.09044389	-0.29551217	-0.0849418	-0.045138493	0.17764045	0.34923264	0.034420606	-0.3637975	-0.17180155	-0.14599599	0.6525811	-0.38993207	-0.06722409	0.11556945	0.08780213	0.38627476	0.02993591	-0.38463324	0.49205905	0.42490405	0.018438596	-0.5382695	0.1335014	0.0048394892	-0.24385229	0.4739856	0.6299555	-0.019319652
0.15772353	0.48976228	0.104660235	-0.2706408	-0.06900789	-0.05030695	0.16262875	0.32003453	-0.026068965	-0.3388347	-0.15726851	-0.20132974	0.639646	-0.3552132	-0.08056368	0.11316321	0.05526686	0.36710066	0.028020767	-0.38437742	0.49184588	0.4334265	0.01139054	-0.4795034	0.081113935	0.04186957	-0.27049693	0.45949605	0.5771173	-0.026052987
0.16978998	0.45262188	0.08277876	-0.27209082	-0.06278331	-0.05512255	0.16803344	0.3040883	-0.010070778	-0.3104116	-0.17568037	-0.18365577	0.5940582	-0.35444838	-0.09632638	0.11154054	0.064101666	0.3515145	0.02039127	-0.37399185	0.4838009	0.3986789	0.029624643	-0.47892317	0.093677886	0.041010685	-0.2809755	0.43857253	0.5558221	-0.008688611
0.1557742	0.45397896	0.08671219	-0.29840738	-0.06111816	-0.058023687	0.14192417	0.34111097	0.013914851	-0.34172714	-0.16558151	-0.19138722	0.63114905	-0.3656182	-0.087642185	0.09489252	0.03885827	0.34616446	0.028165977	-0.36104077	0.4583507	0.40798053	0.030314883	-0.50390494	0.11050518	0.02522641	-0.2654617	0.4658693	0.57543653	-0.020999819
0.14101148	0.6344711	0.115407035	-0.3285997	-0.21356967	-0.032212764	0.19296774	0.32484454	-0.02941658	-0.26146	-0.08371842	-0.12530614	0.55973244	-0.31262556	-0.04031692	0.18355569	0.058446694	0.44320354	0.0033403183	-0.5066322	0.48320198	0.42498985	-0.026115958	-0.48964506	0.035196412	0.060202673	-0.32041728	0.5975424	0.59520155	-0.11536764
0.17981619	0.4495584	0.08215783	-0.2590153	-0.071921565	-0.042690407	0.15188281	0.33521584	0.004171222	-0.3097392	-0.16974398	-0.15458277	0.6254692	-0.3836162	-0.102708586	0.13439241	0.04878139	0.38541242	0.023183357	-0.38383025	0.4987082	0.42722437	0.044336736	-0.5018533	0.092706926	0.027454462	-0.26159084	0.4634535	0.58566463	-0.036359627
0.15204637	0.4191482	0.07996473	-0.2649679	-0.05401939	-0.043765277	0.16397193	0.30864987	-0.012645788	-0.32048422	-0.1625998	-0.1538026	0.63492477	-0.3574597	-0.09234546	0.12293555	0.05373638	0.37699082	0.024079118	-0.38099357	0.48525524	0.41361868	0.0416932	-0.48032495	0.109227106	0.0077724042	-0.259217	0.42273584	0.5641021	-0.029885093
0.1539697	0.4555082	0.09841115	-0.2711794	-0.0650245	-0.077848375	0.1624581	0.32191265	-0.01376811	-0.30528125	-0.17010008	-0.19586498	0.59849805	-0.34159106	-0.102187134	0.10005453	0.06187204	0.35979962	0.017535923	-0.38859084	0.46674678	0.38665468	0.027441718	-0.47317314	0.08126996	0.018801734	-0.27867186	0.44687378	0.57098556	-0.017744865
0.05044525	0.46272394	0.07017525	-0.37089968	-0.09674104	-0.12875003	0.30219138	0.41191822	-0.026431493	-0.313435	-0.18414076	-0.18550278	0.58071923	-0.38990924	0.013010853	-0.011056062	0.09251822	0.323083	0.02967095	-0.27668083	0.54361075	0.52348965	-0.050763518	-0.46503323	0.11284197	0.044969406	-0.26873928	0.57303625	0.563057	-0.071391374
0.17645049	0.4648987	0.09932986	-0.30531305	-0.07398257	-0.051807705	0.18139215	0.32445222	0.0015076655	-0.34820038	-0.19086292	-0.18981072	0.641682	-0.38355207	-0.085677795	0.11653888	0.07007188	0.39396733	0.01859548	-0.40523702	0.5162978	0.4227869	0.026068492	-0.5147018	0.11168627	0.0213813	-0.2656425	0.47993296	0.60290235	-0.017643448
0.17286928	0.46973786	0.0881707	-0.27406967	-0.052413713	-0.05886876	0.13828136	0.31360957	-0.008006438	-0.33537284	-0.15688623	-0.17739764	0.62085706	-0.3606688	-0.09016916	0.1392284	0.029946778	0.37561473	0.033842143	-0.38433138	0.47379693	0.4259663	0.052161694	-0.47416115	0.10449741	0.0032542	-0.25692597	0.4642064	0.57278025	0.001158014
0.15889764	0.47877607	0.10430867	-0.2885327	-0.089498736	-0.057216734	0.18574323	0.3497141	0.0021076626	-0.34471202	-0.13752276	-0.17671807	0.62828034	-0.3579875	-0.067544706	0.12428638	0.071835116	0.36000717	0.008257747	-0.35759872	0.4627474	0.4135973	0.018667014	-0.51200205	0.13006815	-7.353723e-06	-0.23948666	0.4770827	0.57508814	-0.028561149
0.13459115	0.46229538	0.11389353	-0.31920585	-0.066019684	-0.072209835	0.20164943	0.36885458	-0.008771203	-0.33413386	-0.1839879	-0.19806753	0.6081937	-0.37624848	-0.07272165	0.1101393	0.047588345	0.3565568	0.018548653	-0.38657606	0.4976758	0.4316774	0.020437801	-0.51854706	0.09918709	0.030044127	-0.25454074	0.51558447	0.5805726	-0.039201964
0.1745572	0.47385114	0.07260019	-0.29549587	-0.04844029	-0.05384776	0.15967831	0.31174374	-0.0071401163	-0.31130052	-0.17699331	-0.18987723	0.6324299	-0.359547	-0.10414971	0.12824653	0.044799745	0.3775123	0.019113436	-0.36089048	0.49358255	0.42901108	0.034846447	-0.4746647	0.10749112	0.03704078	-0.25030762	0.44101763	0.5486262	-0.020080261
0.1750276	0.45582837	0.10491292	-0.29092294	-0.091210075	-0.03924118	0.15609649	0.32389706	-0.0012178705	-0.28963494	-0.16109619	-0.19103391	0.6033487	-0.3449316	-0.10202695	0.12388004	0.05863773	0.36572853	0.00876508	-0.36883715	0.46524215	0.38039953	0.043620113	-0.45493546	0.10023694	0.045373492	-0.2594602	0.44196305	0.5458679	-0.041545473
0.19397853	0.5129552	0.11110366	-0.26950407	-0.13278066	-0.028161861	0.19794554	0.3454219	-0.013905931	-0.34095427	-0.104872085	-0.16154256	0.61078733	-0.37708205	-0.107743666	0.15060106	0.05214124	0.4007589	0.03629903	-0.4604985	0.47580686	0.39342776	0.033395488	-0.50611275	0.07001074	0.01300169	-0.2857906	0.5318649	0.598444	-0.029095544
0.15702854	0.4542166	0.106254496	-0.29478684	-0.08711538	-0.05455417	0.17644784	0.3564485	-0.018415034	-0.32676327	-0.15067194	-0.18291926	0.6450542	-0.35692605	-0.09042999	0.110045604	0.061139878	0.3543057	0.049773432	-0.3716982	0.48892182	0.41671544	0.042064466	-0.51080674	0.11276055	0.00963963	-0.27320856	0.47942913	0.57847613	-0.03902646
0.11551917	0.47228912	0.081133895	-0.2996391	-0.10407398	-0.097964175	0.20723417	0.39009395	-0.023060307	-0.34836203	-0.16304342	-0.1651026	0.58067244	-0.3618153	-0.057443973	0.1081679	0.056755822	0.33496746	0.012044484	-0.3664992	0.4943884	0.443417	0.010827797	-0.51108617	0.11395167	0.0074793654	-0.26423818	0.49924597	0.5964004	-0.032994214
0.1268226	0.5683141	0.11450486	-0.32532606	-0.16154318	-0.028514884	0.17484039	0.38066766	-0.04046677	-0.31522322	-0.08696465	-0.2108303	0.60916305	-0.36941114	-0.049584735	0.18437047	0.060644988	0.42491826	0.03841357	-0.44278637	0.5544448	0.47236058	0.012186105	-0.4790508	0.07517951	0.0063251485	-0.29839268	0.55159724	0.57193524	-0.050216805
0.14506584	0.46390766	0.091076665	-0.27147913	-0.068018794	-0.05055438	0.15209644	0.34508452	0.01931622	-0.34721816	-0.18645269	-0.17198329	0.67292434	-0.38795027	-0.09782826	0.13573545	0.0704256	0.35997683	0.02935494	-0.36847505	0.49398547	0.43931404	0.060726695	-0.50920933	0.12160172	0.023264453	-0.26055798	0.45819992	0.58182764	-0.027727842
0.14694032	0.59058654	0.11937727	-0.28861317	-0.19321422	-0.07934768	0.21000661	0.31873602	-0.031170914	-0.31508046	-0.10185078	-0.13249879	0.56915826	-0.34668872	-0.0408001	0.1412708	0.07321069	0.40889886	0.0105477655	-0.47104782	0.5035621	0.3969653	0.007532484	-0.52509546	0.07493944	0.047093734	-0.28118297	0.5630851	0.60328925	-0.114375666
0.16878119	0.46912664	0.08225121	-0.2946806	-0.05940521	-0.04402209	0.17615445	0.32269937	-0.011317362	-0.33863854	-0.16802758	-0.1686383	0.64326787	-0.38394126	-0.09986596	0.121443525	0.048108645	0.37282038	0.029470652	-0.36949012	0.49341485	0.43147016	0.020924017	-0.50990367	0.11396704	0.03881069	-0.28545758	0.4557283	0.5627925	-0.039274577
0.14655268	0.50225246	0.110343374	-0.27922833	-0.06163579	-0.073063925	0.1678299	0.37236452	0.007161697	-0.34326854	-0.14173578	-0.18714726	0.6335228	-0.3603317	-0.10276454	0.1440706	0.050713662	0.382697	0.016024506	-0.40722287	0.4872555	0.41377354	0.05739301	-0.50577193	0.07044307	0.01953071	-0.25675043	0.51975507	0.60097456	-0.024019336
0.12893069	0.49684778	0.10742782	-0.30572823	-0.105515495	-0.055479985	0.2023858	0.36722353	-0.016931586	-0.33981365	-0.15176673	-0.16003242	0.6251528	-0.36309612	-0.08847518	0.12813969	0.0716665	0.39193252	0.022257559	-0.39545465	0.49372098	0.44471258	0.03022396	-0.495122	0.10177611	0.01702808	-0.2823105	0.5169185	0.5911944	-0.047050506
0.17273691	0.5146693	0.10746341	-0.29197967	-0.13543206	-0.023688724	0.1776772	0.3657934	-0.023280168	-0.35135728	-0.112961546	-0.1735892	0.64098334	-0.36669078	-0.095239796	0.15797442	0.032739833	0.38605106	0.045916434	-0.42583135	0.5142506	0.4197941	0.035324525	-0.51905274	0.0782468	0.0009640688	-0.28767624	0.5152922	0.5858612	-0.044838652
0.16294621	0.47163492	0.09034627	-0.27489272	-0.07290218	-0.06546358	0.1970543	0.3598412	0.017849369	-0.3444839	-0.152651	-0.1693131	0.6368289	-0.36876166	-0.07960156	0.122097045	0.053155635	0.36341792	0.038777493	-0.3641627	0.4941452	0.4312089	0.045252204	-0.5143926	0.09005397	0.019086093	-0.25926515	0.49100932	0.59035754	-0.009941857
0.15538992	0.5184148	0.08659214	-0.30509153	-0.12389885	-0.082435794	0.19981213	0.35407388	-0.023027219	-0.323469	-0.14599255	-0.18276377	0.65244824	-0.36304018	-0.067690365	0.13684167	0.05417858	0.40856075	0.041988783	-0.39220095	0.4859493	0.4142526	0.051952787	-0.5088205	0.07379218	0.01757054	-0.2740606	0.5172849	0.5684056	-0.042853788
0.16821873	0.4837802	0.081863046	-0.2964704	-0.10141135	-0.07065413	0.18363428	0.354644	-0.016982755	-0.32561168	-0.1710779	-0.17246957	0.64692706	-0.3759606	-0.08102623	0.10423781	0.058602117	0.38360155	0.047543623	-0.39559054	0.5145989	0.4373886	0.028852649	-0.5180329	0.08899759	0.017140912	-0.28116435	0.49171	0.5610734	-0.029738324
0.17302755	0.5374461	0.12269809	-0.31155026	-0.0985941	-0.040220432	0.20056836	0.36894444	-0.019871628	-0.31506988	-0.14666913	-0.17692864	0.6120442	-0.36821523	-0.09717962	0.12719871	0.04784096	0.38384584	0.020632733	-0.4295409	0.48848847	0.42705438	0.03131348	-0.52086604	0.060509376	0.044951234	-0.26144558	0.5229622	0.5851324	-0.046330426
0.17295574	0.45663962	0.100941464	-0.3125736	-0.08228152	-0.044823203	0.15806346	0.33655176	-0.016362157	-0.3263288	-0.16899687	-0.20165136	0.596689	-0.362598	-0.09629884	0.13417906	0.043986738	0.37162212	0.025400797	-0.3666289	0.46942255	0.413403	0.06297252	-0.46906656	0.11316532	0.024332266	-0.27128026	0.4565435	0.55045915	-0.021623453
0.14656529	0.45348176	0.06738061	-0.29107654	-0.063367024	-0.059778985	0.18585399	0.33197746	-0.0253258	-0.30348632	-0.14082153	-0.1520649	0.61940247	-0.3642794	-0.078371175	0.11496185	0.085123986	0.36950615	0.044154365	-0.35694158	0.46950644	0.40304863	0.0043454506	-0.50296813	0.124362156	0.011964335	-0.29019818	0.47857478	0.5550023	-0.011825546
0.16819996	0.45480657	0.07085947	-0.265544	-0.05980094	-0.04687574	0.16698332	0.318985	0.019227652	-0.3252602	-0.17935291	-0.15637328	0.61639583	-0.3402463	-0.09794123	0.13637179	0.048179727	0.35586306	0.018733595	-0.3516067	0.475132	0.38070276	0.042697348	-0.46625608	0.10138962	0.016262425	-0.2723299	0.44711748	0.54516774	-0.033923354
0.1734729	0.5419415	0.12830813	-0.3257492	-0.11353699	-0.073994	0.14198284	0.35102186	-0.015246516	-0.3074522	-0.13741174	-0.15863086	0.59533936	-0.35995346	-0.09632923	0.12546226	0.07833195	0.40314987	-0.0075566163	-0.4345685	0.49680832	0.45380858	0.043867867	-0.49874395	0.10635066	0.026229676	-0.26776132	0.51705873	0.59199864	-0.08300941
0.14526866	0.42856327	0.0810093	-0.25992852	-0.04364093	-0.0782838	0.17094602	0.29146478	0.0048147407	-0.2869351	-0.16926381	-0.19719326	0.56982976	-0.32642156	-0.07332781	0.10780777	0.06729142	0.3431977	0.006816501	-0.36064994	0.45797855	0.36443678	0.043316003	-0.4229324	0.09857684	0.048068766	-0.26530474	0.44625014	0.5396587	0.0054560094
0.15440208	0.46158552	0.096802674	-0.26832673	-0.06301566	-0.051618353	0.18161106	0.33197647	-0.0007251282	-0.32689014	-0.17211233	-0.18085366	0.6095288	-0.3576689	-0.09310919	0.12184104	0.06990701	0.37956056	0.045677	-0.3953039	0.45243308	0.38985395	0.030689692	-0.511464	0.12200282	0.029210445	-0.24956694	0.47510764	0.5666556	-0.046910297
0.051780306	0.44290128	0.09706681	-0.38413516	-0.10293467	-0.1099033	0.31846565	0.43229306	-0.04418151	-0.32280675	-0.19089854	-0.17923275	0.5910335	-0.37843558	0.04315421	-0.03351748	0.08306615	0.29888302	0.02444649	-0.28767848	0.55432665	0.55460316	-0.054412134	-0.48626179	0.10931806	0.04671893	-0.26527226	0.579615	0.54926133	-0.058802184
0.15341862	0.4637697	0.104649164	-0.28605363	-0.06871385	-0.07914928	0.16996013	0.35716197	-0.010190902	-0.34727716	-0.16069971	-0.18317264	0.6438603	-0.38734722	-0.068505555	0.103348054	0.041381434	0.3604067	0.024360264	-0.38222528	0.46688503	0.41243577	0.011552532	-0.5022567	0.11309362	0.020709362	-0.2669729	0.47692046	0.59989905	-0.008636971
0.155131	0.49189445	0.10078784	-0.30291945	-0.07525699	-0.078847684	0.16442652	0.3671314	-0.013550117	-0.35497865	-0.16504951	-0.15713969	0.6190844	-0.345863	-0.09512571	0.1349075	0.07387748	0.39005747	-0.00925172	-0.40322447	0.46244326	0.4203331	0.042504955	-0.53690183	0.08421442	0.042213984	-0.2541404	0.499258	0.59705645	-0.05260073
0.13948709	0.4541763	0.1057085	-0.31368715	-0.08611105	-0.053210847	0.15956147	0.3623712	0.0072950097	-0.33703718	-0.16838846	-0.18620801	0.61177045	-0.36763626	-0.07561409	0.10623532	0.060923077	0.3666609	0.01873588	-0.3572486	0.49810514	0.4316632	0.0075561814	-0.51650655	0.115491815	0.030738275	-0.26488906	0.47326994	0.5887885	-0.041578654
0.13828072	0.45064443	0.07142339	-0.2924644	-0.07393054	-0.05332873	0.17116354	0.30340755	0.012199526	-0.3163103	-0.16736461	-0.18317325	0.6089762	-0.3612992	-0.07626506	0.1284378	0.07437553	0.33173838	0.027416602	-0.35184744	0.46665502	0.42016944	0.044060986	-0.49274427	0.11196184	0.02443778	-0.27780244	0.43481788	0.5542304	-0.029426241
0.12220794	0.54942477	0.088181846	-0.29966006	-0.20718381	-0.02161757	0.20981057	0.3637304	-0.018047458	-0.2641754	-0.07985773	-0.18239316	0.6037201	-0.3701861	-0.027767444	0.17723645	0.050533466	0.4245322	0.007409885	-0.46239215	0.52972376	0.44530636	0.0034225157	-0.4842892	0.08027801	0.055401556	-0.29587883	0.55950433	0.60300505	-0.059498306
0.14696833	0.50903124	0.11456485	-0.3119894	-0.0884069	-0.055526193	0.16125768	0.39543736	-0.024759147	-0.3385651	-0.11895502	-0.20542379	0.6555493	-0.38297	-0.09783387	0.13169566	0.038608275	0.38017252	0.04019153	-0.3964142	0.51504785	0.42828023	-0.00168648	-0.5228665	0.108600296	0.022415992	-0.2718853	0.5425659	0.5855302	-0.031567816
0.18091777	0.49361184	0.108684905	-0.29815355	-0.07614617	-0.061019372	0.15948088	0.33205825	-0.007707588	-0.31158298	-0.16764429	-0.16987461	0.6166697	-0.3666225	-0.092208475	0.11700824	0.05396666	0.38930255	0.035548914	-0.37760663	0.5026329	0.39695498	0.04625019	-0.5055546	0.09435331	0.012930593	-0.26927024	0.49367097	0.5682416	-0.014892999
0.14058128	0.5197774	0.08042005	-0.31594658	-0.12532926	-0.07037811	0.18887824	0.34528288	-0.029184232	-0.32105356	-0.13472879	-0.18159495	0.58310515	-0.33984512	-0.04007169	0.10013619	0.071185134	0.39083037	0.0029601862	-0.39829707	0.51608574	0.44203174	-0.0055110054	-0.50278026	0.09846476	0.029452967	-0.28940028	0.51969796	0.5755101	-0.045309547
0.16369298	0.48219565	0.08960957	-0.27932465	-0.0992365	-0.0614916	0.17286074	0.3412488	-0.022636704	-0.3401904	-0.15707408	-0.18701473	0.64181876	-0.3885261	-0.08098073	0.11185924	0.05879495	0.38999906	0.009804653	-0.38996857	0.49730968	0.41858244	0.029239576	-0.48809156	0.100870684	0.0012090756	-0.26242033	0.50378644	0.5830535	-0.025154587
0.17572686	0.44761887	0.101266265	-0.28643498	-0.058717288	-0.04484007	0.16421892	0.3300963	0.0126217725	-0.30954096	-0.1557824	-0.17193754	0.6114456	-0.34796885	-0.08228262	0.10531522	0.07773955	0.36521828	0.015673656	-0.38117456	0.48693702	0.39717245	0.02459404	-0.47880486	0.077101365	0.023663802	-0.26430693	0.455556	0.5709568	-0.030856658
0.13933794	0.52153283	0.09399883	-0.29591352	-0.099175274	-0.059285756	0.1870362	0.3457681	-0.028486343	-0.3294719	-0.120838694	-0.16109674	0.59740114	-0.35829583	-0.088661626	0.12694879	0.056612454	0.37418687	0.0055084033	-0.4126693	0.48583537	0.40108362	0.02865446	-0.5038887	0.08022295	0.03398285	-0.2856716	0.5103561	0.56429625	-0.060820527
0.15506312	0.448205	0.08626434	-0.28418908	-0.046210285	-0.0753669	0.14857338	0.3013304	-0.011289278	-0.31792545	-0.17122635	-0.19026117	0.59396917	-0.35510552	-0.09020608	0.09411778	0.039623585	0.35550684	0.030075345	-0.3772397	0.4623021	0.3743299	0.05262702	-0.44269124	0.07324181	0.045154743	-0.25519338	0.43556747	0.5216123	-0.015750855
0.1358332	0.5184318	0.13730486	-0.28873265	-0.14162517	-0.06150349	0.1815864	0.35323784	-0.040521827	-0.33165258	-0.11169538	-0.18414469	0.6183023	-0.35922968	-0.09032471	0.15603353	0.029224206	0.40961295	0.043845914	-0.41490003	0.51454216	0.41726172	0.02399463	-0.48875937	0.07657236	-0.0118623795	-0.2893753	0.52500355	0.5236274	-0.055553067
0.15524149	0.5412362	0.11069918	-0.32830343	-0.15004359	-0.076838054	0.17973933	0.3611371	-0.017814482	-0.33546564	-0.15191145	-0.15717892	0.61342174	-0.3739458	-0.093096696	0.13950676	0.056416653	0.39152628	0.010028533	-0.4358611	0.48747087	0.45897764	-0.0037595457	-0.4997535	0.09314057	0.038062576	-0.2635899	0.5168168	0.6234074	-0.0637822
0.16246404	0.46863547	0.07986204	-0.2835733	-0.07641875	-0.075786166	0.1440688	0.323872	0.0082340995	-0.29851308	-0.17418627	-0.17529805	0.6156792	-0.33539107	-0.10344425	0.13207984	0.07258375	0.3673175	0.03718566	-0.36060086	0.46075797	0.41825426	0.04286188	-0.48617503	0.09008007	0.03697439	-0.25484255	0.466806	0.56491214	-0.001738406
0.1601064	0.5112268	0.09083458	-0.30460557	-0.103622794	-0.05487568	0.18594849	0.35809475	-0.018815713	-0.32653084	-0.13911879	-0.17202634	0.58620393	-0.3421806	-0.06907376	0.15583436	0.07653998	0.404957	0.026474178	-0.4213712	0.5112216	0.4346708	0.04572034	-0.49502385	0.08392971	0.048293456	-0.2584309	0.49417254	0.5790445	-0.047460675
0.17666358	0.5177592	0.10771786	-0.29730448	-0.09613405	-0.050220728	0.18292145	0.3541217	0.011873825	-0.32749823	-0.16695389	-0.20529324	0.6216279	-0.37770623	-0.09106715	0.10689154	0.050495055	0.40696138	0.043701846	-0.38924053	0.4982182	0.41113034	0.024972234	-0.5131766	0.10238387	0.02380236	-0.2621796	0.5063654	0.5972114	-0.0437328
0.14121203	0.4749597	0.08964567	-0.29122362	-0.06615902	-0.04629281	0.19449186	0.33284304	-0.00033004276	-0.3354834	-0.17190494	-0.1761636	0.6131745	-0.36194375	-0.064071074	0.109069966	0.05215664	0.37820092	0.025121843	-0.36969024	0.4860271	0.4079811	0.025875485	-0.49319592	0.08264967	0.04106926	-0.27489316	0.46731237	0.5764521	-0.01990437
0.16599442	0.53172237	0.08967204	-0.2852041	-0.11163369	-0.076592125	0.19035038	0.34723803	-0.0012327363	-0.33789265	-0.15849936	-0.18391456	0.634039	-0.35289052	-0.089952864	0.13454187	0.062057033	0.40937185	0.01802856	-0.41237304	0.51284087	0.40467095	0.023572717	-0.4900781	0.08705021	0.020687079	-0.2892442	0.5309791	0.59642166	-0.055430207
0.13971351	0.49145433	0.11356384	-0.32087132	-0.073369645	-0.078202695	0.18768376	0.3535405	-0.02535052	-0.33756918	-0.14239499	-0.1782729	0.6260722	-0.36063004	-0.07584114	0.12753025	0.05631976	0.37384874	0.031677816	-0.38568705	0.4848041	0.4601339	0.014973527	-0.51821	0.0809152	0.035619896	-0.26371008	0.52386934	0.60732186	-0.02938011
0.16921474	0.52045786	0.094079986	-0.32071617	-0.12898101	-0.064518414	0.16819783	0.3666661	-0.023001987	-0.34561718	-0.17492065	-0.16442125	0.63576865	-0.4037456	-0.07966428	0.1400398	0.055714134	0.42175967	0.01328098	-0.41229182	0.5173271	0.4349364	0.032283217	-0.5340989	0.11062551	0.0076300334	-0.28764564	0.50499487	0.60782045	-0.034801383
0.14771476	0.52140516	0.094029166	-0.30750507	-0.13887222	-0.033653226	0.16437885	0.3461483	-0.018571911	-0.2838347	-0.13271976	-0.174039	0.607784	-0.3709181	-0.0867692	0.16237691	0.016575674	0.40403172	0.057206232	-0.41750604	0.53892606	0.43356803	-0.0019618166	-0.49885175	0.10437119	0.022734854	-0.3120197	0.53704184	0.58626145	-0.033146843
0.1736593	0.5607309	0.10378497	-0.30330193	-0.14718698	-0.032243498	0.18741651	0.35002172	-0.01744961	-0.29847625	-0.16749685	-0.17457916	0.6044546	-0.3252691	-0.085709125	0.14451176	0.013770414	0.4403743	0.013726013	-0.39704484	0.5100121	0.4564455	0.050530672	-0.49329808	0.058517564	0.047332183	-0.33848268	0.5211759	0.5796585	-0.04729276
0.024519213	0.473716	0.07592503	-0.40462914	-0.10857751	-0.13869792	0.34169823	0.4541893	-0.033919618	-0.3131324	-0.17455365	-0.20932133	0.589212	-0.39369622	0.06127761	-0.053379443	0.09564836	0.2680178	0.050129794	-0.2418859	0.54640645	0.5557094	-0.08351114	-0.4602247	0.11455702	0.009855747	-0.2803712	0.5649588	0.5430241	-0.07794452
0.0400391	0.4067469	0.059991088	-0.37597868	-0.124444045	-0.15701371	0.35055152	0.4453381	-0.033012513	-0.31769437	-0.2049747	-0.17087898	0.54291284	-0.3889108	0.06385427	-0.043072455	0.07647701	0.26036653	0.049423177	-0.23415029	0.5376342	0.546639	-0.09707658	-0.47258893	0.09311906	0.016296292	-0.28015488	0.5693365	0.5706176	-0.07876813
0.14540519	0.47029203	0.113808766	-0.29325616	-0.08045783	-0.05082174	0.18098322	0.3531807	0.009486555	-0.327498	-0.14848107	-0.19246948	0.61799395	-0.34470022	-0.08349608	0.13847625	0.059435938	0.37198943	0.015965447	-0.39829516	0.4976833	0.43186086	0.036374956	-0.4913563	0.09847919	0.025083195	-0.2758306	0.46181235	0.56418943	-0.04080666
0.13528164	0.43933865	0.1056217	-0.27004185	-0.05544701	-0.058368783	0.17262854	0.32029533	-0.004103523	-0.3039522	-0.14427389	-0.19264436	0.6037817	-0.33787885	-0.07652456	0.11994178	0.05269873	0.36623585	0.03691541	-0.34347528	0.45806235	0.41146728	0.04260524	-0.45158553	0.102776885	0.039856676	-0.2718809	0.46598452	0.5428668	-0.010542733
0.17029244	0.4778066	0.11078854	-0.3203629	-0.07137889	-0.091234036	0.20128945	0.3476217	0.013007921	-0.3398312	-0.15407279	-0.17814605	0.62507296	-0.3447353	-0.061791446	0.09829375	0.07781864	0.3564797	0.016779367	-0.41183373	0.4890803	0.45046383	0.032060996	-0.5152082	0.08938781	0.03117414	-0.2545761	0.504415	0.60759413	-0.024703734
0.16553922	0.47202942	0.08529911	-0.31480485	-0.0745061	-0.069138296	0.18569717	0.36800435	-0.01361049	-0.3498568	-0.15850711	-0.17463343	0.6303317	-0.3668317	-0.064237334	0.13704322	0.06711781	0.3606895	0.014586034	-0.3976397	0.47236243	0.43945265	0.012850782	-0.49737963	0.092738	0.003899655	-0.24286206	0.4903679	0.5874656	-0.03268063
0.14398016	0.50808316	0.086928196	-0.30301487	-0.10592269	-0.068306625	0.20218503	0.3500851	-0.0071972376	-0.31889823	-0.1251577	-0.17246777	0.6383697	-0.36520246	-0.056299016	0.121034406	0.08099809	0.3732426	0.0048797126	-0.3893335	0.501372	0.45957014	-0.006913671	-0.53499174	0.11075758	0.044229865	-0.26283762	0.5177448	0.6250001	-0.028726442
0.15529601	0.4490628	0.07172381	-0.28218478	-0.085270286	-0.077140786	0.18165107	0.33643332	-0.0042417264	-0.33855137	-0.15048516	-0.18766369	0.62661606	-0.34761915	-0.0798985	0.12560178	0.05150292	0.3715997	0.04711545	-0.3932546	0.493231	0.40608883	0.051360104	-0.49876195	0.105437025	0.0029513994	-0.27694196	0.46363887	0.56660426	-0.021464929
0.15722394	0.52963245	0.08625764	-0.31091517	-0.1090034	-0.06902192	0.17693064	0.35313517	-0.0011030156	-0.3527452	-0.13400215	-0.18042971	0.60938746	-0.384625	-0.09359461	0.14672866	0.03623719	0.38599274	0.021530038	-0.43452492	0.48690417	0.41257668	0.03676248	-0.51828325	0.08434032	0.03765496	-0.25941327	0.49897382	0.6018703	-0.04714431
0.16984238	0.42352575	0.07087534	-0.25035024	-0.07291347	-0.06390038	0.17058334	0.30320612	-0.00617304	-0.30566284	-0.17514446	-0.19253421	0.56214565	-0.35460553	-0.0805157	0.0876571	0.049533743	0.34421393	0.03991227	-0.34467325	0.4587084	0.3801795	0.026940154	-0.43647066	0.09459231	0.036339127	-0.27293187	0.43342102	0.5420492	-0.02075436
0.16002497	0.47983187	0.097365625	-0.30430213	-0.07327777	-0.06988918	0.16847947	0.33017084	-0.014837032	-0.32599384	-0.1589998	-0.17218156	0.6043329	-0.3641354	-0.06800436	0.11902372	0.047729053	0.383625	0.017885067	-0.38343513	0.49548492	0.42433596	0.04998333	-0.4841858	0.09325509	0.030160172	-0.2642143	0.492858	0.5597853	-0.032097314
0.16164084	0.48289135	0.070474476	-0.29854268	-0.060033765	-0.08787969	0.2060958	0.37394822	0.015730768	-0.3423057	-0.17832753	-0.18834397	0.6417646	-0.35727215	-0.058670938	0.12230203	0.09142564	0.38291812	0.018592017	-0.38427618	0.47804773	0.42872226	0.050805718	-0.53899634	0.1128786	0.0279076	-0.29129377	0.49977154	0.6110609	-0.031043164
0.15790753	0.4939394	0.07612608	-0.3054719	-0.0960955	-0.03333361	0.15650234	0.35077205	-0.0011712888	-0.324832	-0.15789452	-0.19023818	0.6447221	-0.38977385	-0.08056012	0.117376834	0.066236176	0.39828372	0.04937761	-0.3922447	0.49276996	0.4411907	0.047857977	-0.5303378	0.114270985	0.029062187	-0.2853799	0.5124488	0.5931697	-0.022658657
0.13843414	0.50363135	0.103687376	-0.29479066	-0.10154679	-0.074034564	0.20832899	0.38577113	-0.008666466	-0.35579705	-0.164091	-0.18425216	0.63315314	-0.374604	-0.08654005	0.13387461	0.058858044	0.36977684	0.03016414	-0.3975369	0.5213115	0.45007885	0.04271899	-0.5231483	0.10645606	0.038778137	-0.27146474	0.5140478	0.5970918	-0.021599462
0.042285092	0.46388933	0.07043444	-0.35344756	-0.109279305	-0.14593007	0.30364493	0.4201881	-0.025986282	-0.29393885	-0.20567265	-0.20244561	0.5581927	-0.3804329	0.06292116	-0.049601205	0.10398433	0.27467176	0.059236683	-0.26380274	0.5094161	0.5569441	-0.07838528	-0.4804279	0.13213366	0.044832446	-0.25507247	0.5662898	0.5644053	-0.06261059
0.1518826	0.48897737	0.08573434	-0.28017244	-0.09841447	-0.043091096	0.16964673	0.34046227	0.0021975755	-0.34444103	-0.17833461	-0.19604987	0.64259356	-0.3802823	-0.092043504	0.1394034	0.066916	0.38175395	0.018431276	-0.390795	0.46695513	0.43738633	0.05421079	-0.50515777	0.08202749	0.04211751	-0.2559094	0.4761658	0.5703164	-0.03783144
0.13365051	0.43963557	0.09058005	-0.30275136	-0.08108799	-0.07350069	0.155981	0.31390572	0.0031820498	-0.3053065	-0.14537098	-0.17887625	0.5947768	-0.35023415	-0.094413474	0.12012425	0.049671173	0.3466874	0.023785343	-0.3607026	0.45480397	0.40275618	0.012796356	-0.45135477	0.09012524	0.030715201	-0.24896282	0.47258663	0.5555974	-0.014323694
0.1810348	0.49496666	0.08321213	-0.2960994	-0.09304604	-0.07392226	0.18535958	0.35244223	-0.0007932171	-0.33309877	-0.1498692	-0.1824528	0.6462064	-0.38226983	-0.101203606	0.13190186	0.06248241	0.39351445	0.0447185	-0.38064453	0.5021627	0.4280982	0.044811204	-0.5087314	0.118976235	0.028326971	-0.24873883	0.51123345	0.5969698	-0.014556076
0.17166911	0.5025956	0.06575182	-0.29188284	-0.14206217	-0.020490568	0.1674794	0.35100687	0.005056034	-0.29710087	-0.15542364	-0.14651135	0.60233307	-0.312837	-0.08877748	0.13510588	0.022448333	0.36780098	0.0460898	-0.3809452	0.5073866	0.4111493	0.03417482	-0.47921246	0.08158646	0.03612202	-0.2912205	0.48773637	0.56981695	-0.02409716
0.15942341	0.58352304	0.07973961	-0.3136588	-0.19711559	-0.058233116	0.20603332	0.3583203	-0.016182546	-0.2883661	-0.111361414	-0.16225885	0.585727	-0.3264821	-0.056217138	0.17327155	0.059782702	0.4598572	0.01720667	-0.49086943	0.5302446	0.43639362	-0.024318175	-0.525846	0.097029075	0.017180514	-0.32413164	0.6045528	0.56828505	-0.10132157
0.18213232	0.49416763	0.10698793	-0.26801074	-0.07124478	-0.056321654	0.15274493	0.3530035	0.009480164	-0.35606992	-0.1575436	-0.15980417	0.61884284	-0.37141824	-0.106496714	0.12150563	0.050650265	0.36374682	0.045560688	-0.4183675	0.47673184	0.41223446	0.030230053	-0.5181046	0.07227257	0.033981405	-0.24490589	0.477035	0.5548029	-0.0058437856
0.148126	0.48940527	0.09312383	-0.31642175	-0.13526489	-0.04353025	0.18871164	0.36106706	-0.004006791	-0.31803358	-0.18041383	-0.1599694	0.6144123	-0.33095282	-0.08534427	0.10576291	0.022635195	0.39994478	0.05217798	-0.3820842	0.49747872	0.43341374	0.027243936	-0.5112077	0.07213142	0.016197251	-0.31064707	0.5023625	0.58621156	-0.03798145
0.1692824	0.46884543	0.08212292	-0.29383388	-0.07031614	-0.07479845	0.16391772	0.33131936	0.0030374052	-0.3221633	-0.16535926	-0.16567418	0.6297929	-0.3652053	-0.09117352	0.106928326	0.04392024	0.36807278	0.010418225	-0.35866222	0.48087817	0.3943752	0.045510918	-0.49647814	0.110579096	0.007461963	-0.27147534	0.4693365	0.56088513	-0.019100508
0.12259181	0.6672865	0.14557871	-0.36056504	-0.2474281	-0.053937174	0.16109693	0.3435574	-0.047439948	-0.290491	-0.0962153	-0.07383579	0.56256884	-0.35971865	-0.06717552	0.1447203	0.08981404	0.47308567	-0.036077257	-0.5069819	0.5076246	0.46778938	-0.018080771	-0.5108701	0.08103239	0.061205965	-0.30230588	0.5921261	0.62740654	-0.17492306
0.17481567	0.46262804	0.0740546	-0.31099722	-0.047134962	-0.049375102	0.16696993	0.3331854	-0.025163589	-0.32769316	-0.17213401	-0.15961814	0.6151544	-0.35989675	-0.06843896	0.12642978	0.054311857	0.35824144	0.044546187	-0.37548187	0.45886877	0.42413318	0.030954307	-0.4996189	0.11613373	0.0053782635	-0.26442063	0.47467723	0.5706762	-0.00431892
0.15962692	0.45430508	0.11206055	-0.28825456	-0.07042152	-0.068162434	0.1686637	0.3535285	0.011166124	-0.3121802	-0.18065599	-0.18175562	0.6094288	-0.3773786	-0.06532225	0.1042762	0.05586817	0.37433746	0.027941544	-0.3694	0.49859756	0.42182222	0.028145304	-0.4976617	0.11494133	0.02347222	-0.28839856	0.48050472	0.5808317	-0.034193102
0.1709124	0.46265453	0.078097485	-0.27559224	-0.068479784	-0.044745047	0.17381802	0.3281701	-0.020130202	-0.3470411	-0.1621662	-0.19659716	0.62768394	-0.37827498	-0.112043396	0.13909066	0.06798235	0.36255196	0.017686142	-0.3842602	0.4987683	0.40341014	0.028737219	-0.49234286	0.10645825	0.03868777	-0.25134403	0.4765125	0.56389	-0.007460955
0.16288894	0.4994011	0.11093113	-0.30409443	-0.094828196	-0.06260468	0.19064668	0.3825067	0.008043044	-0.34266478	-0.15533336	-0.17302904	0.6477354	-0.3772701	-0.09221123	0.122909814	0.072402954	0.3815932	0.0127752805	-0.39465612	0.4906527	0.45254028	0.028488135	-0.5035612	0.1243039	0.008684402	-0.29767078	0.5162099	0.60225546	-0.045575622
0.15430774	0.46397087	0.07931533	-0.29243395	-0.09423591	-0.058038294	0.18124522	0.31774968	0.010053951	-0.3061479	-0.14378013	-0.16575466	0.6227358	-0.3358213	-0.07762825	0.11195448	0.06288812	0.37415433	0.014856777	-0.37384757	0.47758394	0.3910633	0.04852329	-0.4795568	0.08708654	0.03729197	-0.2883616	0.44605702	0.5731345	-0.02552327
0.13877976	0.49639657	0.09929904	-0.28278154	-0.098928764	-0.053632252	0.18712285	0.36727163	-0.0013329752	-0.33066714	-0.1829512	-0.19221802	0.649882	-0.3537991	-0.0812425	0.12662674	0.03354952	0.37810454	0.018303957	-0.4045312	0.4986593	0.45366657	0.039296214	-0.50474346	0.119482055	0.0048583983	-0.26849908	0.5054563	0.5908537	-0.012755608
0.14993326	0.50740975	0.12195539	-0.2872614	-0.11064015	-0.07082261	0.18048032	0.32353646	0.002169797	-0.29081365	-0.13435723	-0.17687619	0.5985118	-0.37889966	-0.06423625	0.15362576	0.06193109	0.35903454	0.015105729	-0.41322652	0.48150596	0.43801808	0.0009313889	-0.479536	0.10716268	0.055552524	-0.29968286	0.4979618	0.59357476	-0.056930326
0.162772	0.48564827	0.09232444	-0.2753389	-0.0805815	-0.06437697	0.15424141	0.3352797	0.009989285	-0.3410717	-0.16840073	-0.15331647	0.6098503	-0.36206374	-0.091856346	0.11177445	0.059524544	0.37161508	0.004912609	-0.4065266	0.45169398	0.41688457	0.015768452	-0.50360924	0.1062012	0.023848528	-0.28157312	0.46174312	0.5608699	-0.028202983
0.14055608	0.4945459	0.07739144	-0.29731023	-0.079419635	-0.0572372	0.17093845	0.348891	-0.016199473	-0.31338498	-0.14558354	-0.1673492	0.6352347	-0.34712347	-0.07739403	0.11226331	0.06346308	0.35955667	0.023471212	-0.39586803	0.4897475	0.41844475	0.052783757	-0.50949	0.09805906	0.028513584	-0.25752968	0.49467424	0.5851304	-0.00507528
0.1699682	0.5034161	0.10035998	-0.30618006	-0.099824235	-0.076766685	0.16245413	0.33487225	0.00850886	-0.32782307	-0.17431167	-0.20477073	0.62902486	-0.3512055	-0.06776084	0.10115981	0.06919307	0.38149446	0.023866411	-0.38929296	0.5034495	0.44055682	0.050334677	-0.5242014	0.07529499	0.031613518	-0.25770915	0.48764592	0.57855344	-0.03354197
0.1356846	0.49901667	0.081088886	-0.29209143	-0.08560521	-0.080473244	0.20288126	0.36719677	0.011877514	-0.33506063	-0.18573357	-0.1813256	0.6211029	-0.3733097	-0.07153997	0.14274228	0.07272082	0.39990842	0.014283914	-0.39745873	0.475552	0.43109685	0.030045588	-0.52473	0.11307176	0.024466682	-0.27898926	0.4760158	0.601395	-0.017446049
0.14171845	0.4969218	0.08217952	-0.29004085	-0.09505557	-0.070254736	0.15846919	0.32761016	-0.004769251	-0.3238036	-0.1421672	-0.1876091	0.6034127	-0.37071407	-0.0712786	0.11023508	0.04164386	0.39319867	0.04377765	-0.39675966	0.50075954	0.42549685	0.011581482	-0.4802076	0.11622959	0.012636098	-0.2664595	0.49198306	0.5867321	-0.038449503
0.19116153	0.45792696	0.090055615	-0.26895675	-0.08869554	-0.054732747	0.16690522	0.3432512	-0.01480235	-0.32432178	-0.16144735	-0.16986893	0.6342644	-0.347369	-0.10479776	0.11210081	0.056585435	0.36069408	0.031844873	-0.40829659	0.49436682	0.40065598	0.024820492	-0.50421244	0.10186352	0.013494434	-0.27351344	0.46822163	0.55937696	-0.01392163
0.1587465	0.5230492	0.11946691	-0.27695897	-0.092912994	-0.04035317	0.19316077	0.36274117	-0.015274321	-0.3244432	-0.1388378	-0.16759987	0.62451583	-0.34980258	-0.07968292	0.12281047	0.05015601	0.37463412	0.031756807	-0.41278687	0.50684947	0.41663435	0.01994468	-0.5162676	0.07177282	0.017176233	-0.2675734	0.5111046	0.5885439	-0.033992667
0.16968502	0.54032767	0.12222447	-0.28814414	-0.10680823	-0.056416564	0.17071667	0.37574592	-0.0070644342	-0.31322107	-0.12276977	-0.17020735	0.6182107	-0.3734794	-0.082515284	0.16219045	0.022139382	0.39727533	0.044057637	-0.42112377	0.5279559	0.42400402	0.017824981	-0.49721617	0.08234204	0.020720793	-0.29816884	0.5155954	0.57473445	-0.030353481
0.15517291	0.44958454	0.09676971	-0.27929378	-0.05374886	-0.057073496	0.13771968	0.29764876	0.0094635915	-0.3154423	-0.14790742	-0.1679936	0.57226115	-0.33180463	-0.084335566	0.10883167	0.057127286	0.3503586	0.015609264	-0.35388884	0.4660317	0.40497884	0.012841282	-0.47881785	0.10431725	0.041119542	-0.26909795	0.44944608	0.53080034	-0.03140221
0.168919	0.52387536	0.116813615	-0.31297907	-0.108638905	-0.053044166	0.1520458	0.36261037	-0.025811832	-0.33936596	-0.1418206	-0.18212497	0.656702	-0.38664842	-0.07672055	0.11170151	0.030093549	0.39871788	0.0109855225	-0.42561457	0.50886494	0.44821155	0.006296973	-0.52209824	0.11520424	0.023101276	-0.2750201	0.5259181	0.6094873	-0.0757248
0.15332952	0.46570265	0.094065726	-0.2976306	-0.079150245	-0.034577787	0.17160325	0.33085096	0.014402215	-0.3337415	-0.13156696	-0.16899033	0.5964832	-0.35590193	-0.069452874	0.12956908	0.046889856	0.36657822	0.029094087	-0.38259003	0.4760132	0.41289702	0.011281525	-0.4791384	0.122290224	0.013043871	-0.2596095	0.49100244	0.5678628	-0.027405804
0.13565703	0.47521973	0.10368788	-0.29636556	-0.086136535	-0.061947893	0.20561461	0.33877215	-0.012254661	-0.3381582	-0.14816445	-0.1776858	0.6207138	-0.34276542	-0.051302366	0.0869416	0.06166048	0.35631382	0.014420373	-0.34563217	0.45665392	0.43646866	0.03450076	-0.48615766	0.10192071	0.02913221	-0.27036214	0.4783527	0.5711167	-0.044997994
0.18323947	0.5300001	0.09670229	-0.2986785	-0.11740662	-0.07143598	0.16982237	0.36793172	-0.0068668015	-0.32452768	-0.16334213	-0.1728563	0.63961124	-0.35261565	-0.07429904	0.12748218	0.07504604	0.3889898	0.0373522	-0.4119149	0.5227436	0.42489225	0.041643023	-0.52297497	0.10161164	0.01558859	-0.28038424	0.52208203	0.60624045	-0.038447775
0.16335104	0.46793157	0.08948262	-0.25477803	-0.040959924	-0.07179334	0.14689648	0.33585322	-0.0092888195	-0.30092096	-0.16398582	-0.18843281	0.6228744	-0.365865	-0.106020235	0.12706043	0.051070835	0.36481953	0.03241288	-0.38875285	0.4682856	0.4125955	0.031773984	-0.4684855	0.07922529	0.033079464	-0.28117356	0.43652812	0.56214863	-0.0056799846
0.16686782	0.46937954	0.0813063	-0.279738	-0.10476217	-0.06478789	0.16685587	0.35103074	-0.004501889	-0.32731432	-0.17278351	-0.19430515	0.61594814	-0.35853076	-0.08089754	0.11276896	0.059743464	0.35904312	0.03306078	-0.39799637	0.48862207	0.43720192	0.016195448	-0.4759806	0.11042302	0.013032517	-0.27462226	0.49767917	0.58684427	-0.035613544
0.13371666	0.51347	0.13408421	-0.3491582	-0.11605225	-0.04426401	0.1821725	0.34683853	-0.01961159	-0.3415293	-0.16126545	-0.16566302	0.65543157	-0.38717157	-0.09266909	0.100388415	0.06783391	0.3945673	0.01592612	-0.3834033	0.52102095	0.48858115	0.033385836	-0.51752204	0.09684662	0.004163631	-0.28343496	0.5372985	0.6186707	-0.04953864
0.14449978	0.53075475	0.10073946	-0.28231978	-0.10075632	-0.034812912	0.17474793	0.37314832	-0.03739004	-0.2908069	-0.16378245	-0.1776101	0.5954704	-0.3401029	-0.08054279	0.14185451	0.03959171	0.40456662	0.065270305	-0.38544595	0.5135469	0.4661658	0.04377443	-0.4956709	0.10209971	0.005441974	-0.27951172	0.5051468	0.57082564	-0.06851769
0.14727129	0.45654517	0.090884514	-0.2962514	-0.065388694	-0.05417356	0.17079617	0.31421602	-0.0004305591	-0.29982436	-0.16856311	-0.17620449	0.6192825	-0.3486092	-0.099467985	0.12054425	0.056969658	0.37366465	0.035172336	-0.37360084	0.47994512	0.39888573	0.045343466	-0.49276873	0.09230866	0.007363661	-0.2484814	0.47297218	0.5434808	-0.008979449
0.1503171	0.48659888	0.0801394	-0.29432723	-0.09901349	-0.04716105	0.17519225	0.31537873	0.0010188023	-0.3187201	-0.14378548	-0.17768301	0.56841034	-0.33457482	-0.08706338	0.1367831	0.03858246	0.36980212	0.03378973	-0.36968425	0.45036578	0.41733968	0.021507103	-0.49316368	0.09142556	0.009495636	-0.2615286	0.48403344	0.5660725	-0.046056803
0.16657582	0.45721835	0.08869073	-0.28400612	-0.06799441	-0.0644827	0.17144066	0.3239891	0.0050917226	-0.3076868	-0.17072836	-0.1667403	0.593524	-0.36856043	-0.07010128	0.12046976	0.04930241	0.36864647	0.026600676	-0.35737628	0.4719412	0.4019844	0.043448973	-0.49715406	0.09009432	0.0089134285	-0.25010657	0.438885	0.57057536	-0.033193555
0.14671102	0.49552202	0.10977207	-0.30817503	-0.10118669	-0.05547211	0.18800963	0.39450505	0.023057936	-0.3564969	-0.20596243	-0.18653116	0.6665218	-0.37117952	-0.09776711	0.09179864	0.06424886	0.3603764	0.028671369	-0.42249697	0.51765454	0.4657476	0.045884896	-0.5618859	0.11872275	0.04216015	-0.24636436	0.53992486	0.62552494	-0.03625911
0.1857945	0.44279826	0.07767121	-0.29704854	-0.052039396	-0.06257557	0.1723024	0.33753306	-0.020898767	-0.2989079	-0.15045181	-0.19712938	0.6187506	-0.34127352	-0.100740165	0.10384692	0.054885436	0.36915955	0.050365686	-0.37362266	0.48106325	0.41777655	0.05303529	-0.45642182	0.07878466	0.012587978	-0.28172845	0.4532469	0.57422847	-0.0001798985
0.16443382	0.48084882	0.09186653	-0.28339857	-0.07617224	-0.049920134	0.16738099	0.34145236	0.01139593	-0.33021298	-0.16228294	-0.1698511	0.6322336	-0.34215963	-0.083384246	0.11637776	0.029628802	0.37252966	0.028748479	-0.40195054	0.5032935	0.42781967	0.043766964	-0.48109165	0.069932565	0.037466384	-0.26864052	0.50005305	0.57930416	-0.03827808
0.14607285	0.4924197	0.0927747	-0.2737078	-0.0779323	-0.05809132	0.14763625	0.33555642	-0.020188361	-0.3272602	-0.15329042	-0.1905534	0.6168421	-0.34665173	-0.093680955	0.1424504	0.050095703	0.38847607	0.026420143	-0.38371468	0.48633322	0.43277383	0.04223065	-0.47987223	0.098163694	0.027467627	-0.2818192	0.48244414	0.5890704	-0.023346633
0.13779216	0.50127107	0.117119275	-0.30157426	-0.08794858	-0.06746706	0.21194673	0.3908043	-0.0037508237	-0.34320098	-0.1574738	-0.17570949	0.65167326	-0.38146064	-0.07436614	0.09146754	0.057077978	0.3743404	0.037111554	-0.3809792	0.5103651	0.4667922	0.01066322	-0.50810474	0.10531835	0.027133364	-0.28918222	0.49682373	0.5873181	-0.046284925
0.17892538	0.46617633	0.10754789	-0.27056736	-0.093638785	-0.07308823	0.176262	0.33748007	-0.0195668	-0.30837494	-0.16956703	-0.19649899	0.61202955	-0.3492716	-0.08258641	0.1007818	0.06847957	0.3696267	0.028841533	-0.36956415	0.49919248	0.4038754	0.035704676	-0.48430622	0.07938594	0.014995552	-0.2912909	0.48367554	0.58617014	-0.00403297
0.17173511	0.53018886	0.10793858	-0.2869812	-0.12644053	-0.0717767	0.21256624	0.3578596	-0.03485683	-0.29531068	-0.18107384	-0.18780309	0.6303281	-0.35817915	-0.065145046	0.13454199	0.0098909475	0.393399	-0.007839588	-0.38545892	0.54373723	0.41085118	0.04887253	-0.5062488	0.089527525	0.065436594	-0.29808244	0.56126493	0.5748355	-0.09015141
0.12725346	0.47157282	0.1094724	-0.3170994	-0.08773555	-0.07396402	0.17391571	0.374726	0.013104204	-0.34072775	-0.15518557	-0.16508879	0.6252232	-0.3714859	-0.061051816	0.09251323	0.08117755	0.36666694	0.042153876	-0.3630664	0.49671355	0.45399952	0.033993714	-0.52128947	0.10534127	0.01736974	-0.2644986	0.486528	0.59152436	-0.01646456
0.1535832	0.5293717	0.10203866	-0.29917222	-0.12804459	-0.034611303	0.19112939	0.35199997	-0.018514568	-0.2933857	-0.12726313	-0.19152403	0.6257314	-0.3542017	-0.10382445	0.1396791	0.07153356	0.38908032	0.020060902	-0.42886645	0.5259643	0.4169879	0.00038966408	-0.5158401	0.10290917	0.007700396	-0.30016	0.57833683	0.5766591	-0.06496019
0.13797162	0.4550472	0.08498103	-0.2868826	-0.088905185	-0.06021339	0.17079973	0.3133845	-0.010888187	-0.30371293	-0.13687675	-0.16222493	0.5876054	-0.35786438	-0.08558278	0.107824	0.04583661	0.36273524	0.038775057	-0.35172066	0.47788024	0.39270973	0.040164165	-0.45538878	0.11152905	0.009069911	-0.2470548	0.44678378	0.55134565	-0.014344474
0.14515203	0.49436638	0.081430465	-0.29372242	-0.0922268	-0.08457462	0.16713473	0.36087364	-0.017895518	-0.34261554	-0.16491194	-0.15947038	0.6165411	-0.3559056	-0.08587046	0.1357455	0.077719435	0.39951882	0.03634374	-0.37914875	0.50497264	0.44620255	0.04002996	-0.51448256	0.1306501	0.014675171	-0.29436934	0.5206061	0.5864827	-0.028405655
0.16488563	0.48480013	0.083705485	-0.2952544	-0.077097565	-0.07794296	0.17922562	0.35191488	-0.02035969	-0.36007312	-0.16147804	-0.15908179	0.6409907	-0.38042718	-0.098576084	0.13111137	0.04953934	0.37270933	0.024063956	-0.4061793	0.49911463	0.42480552	0.020016197	-0.51920223	0.105251595	0.034504388	-0.2644763	0.48340502	0.6083274	-0.009157313
0.17409748	0.4717507	0.10836663	-0.29695234	-0.05877252	-0.058386903	0.16934013	0.35894	-0.002493844	-0.32155317	-0.18842731	-0.17451437	0.64517564	-0.3530387	-0.10652485	0.11721456	0.04660282	0.38536048	0.04934364	-0.39589173	0.4821843	0.44080356	0.0425224	-0.5088044	0.10587293	0.02933729	-0.26694775	0.4961974	0.5938795	-0.024980107
0.14074476	0.4601173	0.10634427	-0.28682062	-0.09630762	-0.045845732	0.18559691	0.3278901	0.027455855	-0.33330837	-0.15498093	-0.17497124	0.6066513	-0.37637284	-0.08907014	0.13152418	0.03320493	0.38215885	0.023627251	-0.39982978	0.4719531	0.42471385	0.030460685	-0.49370724	0.09159796	0.044828936	-0.29403275	0.4477322	0.59694934	-0.013827399
0.16669634	0.48805344	0.11840586	-0.28530484	-0.10309749	-0.055238426	0.17548595	0.3552185	-0.0015515375	-0.3275048	-0.14766675	-0.19768095	0.6417346	-0.3741121	-0.08220901	0.14264224	0.06652845	0.39045897	0.012687043	-0.3962307	0.51375324	0.43276393	0.016651513	-0.5246082	0.08218416	0.0131294485	-0.28684375	0.4954343	0.5867175	-0.039926555
0.21010791	0.50335664	0.1321763	-0.31524363	-0.12583521	-0.032504413	0.17882481	0.3118364	0.039540403	-0.3558832	-0.1286816	-0.21670341	0.6373004	-0.39741266	-0.066329874	0.1678018	0.04756828	0.36495915	0.045969106	-0.4079607	0.52918786	0.44988775	-0.026202552	-0.47807458	0.13362023	0.03401506	-0.28783113	0.52700025	0.57978857	-0.027751822
0.12965724	0.4578078	0.099425696	-0.288785	-0.07859163	-0.067892976	0.164431	0.31434664	-0.01862722	-0.31720978	-0.1379149	-0.16432397	0.57662874	-0.3503403	-0.090945065	0.0959923	0.064333744	0.36769202	0.01571612	-0.37335533	0.45318598	0.3900329	0.0327896	-0.47377637	0.09113847	0.029066369	-0.26780176	0.47267222	0.5369076	-0.027843447
0.17868541	0.47267333	0.09237939	-0.27897125	-0.055855237	-0.06588418	0.18592256	0.33387336	-0.0011587432	-0.32221323	-0.15935239	-0.1989665	0.6090198	-0.3551036	-0.07339357	0.11268946	0.07102523	0.3687952	0.02023526	-0.3798252	0.47885317	0.42401028	0.03195976	-0.51860744	0.09361262	0.016129017	-0.25083965	0.4765133	0.57679504	-0.011462856
0.1488079	0.51124096	0.08209232	-0.28446805	-0.09295055	-0.056937367	0.2014558	0.35462424	-0.0060421573	-0.34973025	-0.1560167	-0.21697475	0.6433319	-0.39344215	-0.08759961	0.1405132	0.03789294	0.39575216	0.03749815	-0.38685974	0.51495814	0.4354979	0.021059155	-0.51683336	0.08096424	0.025297448	-0.28747174	0.48448247	0.6029923	-0.0071642115
0.14828657	0.48709917	0.119261146	-0.30799082	-0.101474315	-0.050032947	0.15454732	0.35223818	-0.023278864	-0.3218643	-0.16052496	-0.20673792	0.63416356	-0.3801757	-0.08238277	0.12725505	0.056507017	0.39134505	0.043764606	-0.3842396	0.47739592	0.42234004	0.049036913	-0.5229342	0.08539477	0.018639982	-0.29372624	0.5070083	0.5754957	-0.03912904
0.17279959	0.46105745	0.11183141	-0.3058693	-0.07833549	-0.07298439	0.18416461	0.3360788	0.016938366	-0.33972007	-0.15470675	-0.19635026	0.64369446	-0.37748525	-0.10193102	0.12670863	0.06458297	0.3935317	0.018925222	-0.39961606	0.49113393	0.43392497	0.05287327	-0.5167078	0.08978437	0.028369116	-0.27731174	0.4884049	0.58815145	-0.022338107
0.19129044	0.45978543	0.10192566	-0.2819677	-0.111781776	-0.031696316	0.15801692	0.30671266	-0.0060683913	-0.3285946	-0.15441196	-0.14865759	0.6017049	-0.382894	-0.083169974	0.11609085	0.047741916	0.349096	0.017152166	-0.40623212	0.4790069	0.3857694	0.0011550006	-0.5000444	0.11920189	0.04176865	-0.2828021	0.4516472	0.5730434	-0.03734977
0.16122946	0.47849727	0.11150997	-0.31351456	-0.060151357	-0.071365744	0.18233721	0.39795792	0.023230495	-0.33362705	-0.16863902	-0.17209499	0.67147404	-0.41343576	-0.11416523	0.14531875	0.04830418	0.38298255	0.0077085933	-0.416518	0.5058796	0.44636023	0.057401147	-0.5512261	0.078218624	0.030704102	-0.26637232	0.5194118	0.61160064	-0.0005986743
0.14034133	0.46743602	0.081486486	-0.31446707	-0.106892705	-0.06023066	0.14014027	0.31837153	-0.0009949899	-0.32072684	-0.15230703	-0.21451128	0.6506946	-0.3640498	-0.098899946	0.14550303	0.078958906	0.37093103	0.0007320283	-0.37230653	0.49915883	0.46000364	0.016896712	-0.5409958	0.08082477	0.029375413	-0.3017701	0.51978564	0.5976593	-0.026333287
0.16378093	0.48060217	0.09920353	-0.2870586	-0.07525631	-0.05629875	0.17674331	0.33916485	-0.0213157	-0.35216194	-0.15459637	-0.16368768	0.6314751	-0.3692033	-0.08222583	0.116954505	0.03853197	0.39243656	0.024625717	-0.40037125	0.4812013	0.4183463	0.04105225	-0.50814754	0.11962318	0.005872828	-0.24843268	0.48401043	0.57484686	-0.03606852
0.15357846	0.52311146	0.12685214	-0.30150518	-0.11304004	-0.030885061	0.18309008	0.37201184	0.0091502685	-0.33090228	-0.13709535	-0.18461806	0.61760825	-0.37632418	-0.09414448	0.1594084	0.050734084	0.40705046	0.046226714	-0.41171744	0.5126371	0.43353707	0.015989289	-0.5041781	0.08088953	-0.00039160455	-0.2953496	0.5299219	0.5717123	-0.020340336
0.1831827	0.48432136	0.073399805	-0.27884018	-0.092566915	-0.0825598	0.1722347	0.3552481	-0.004884315	-0.32537565	-0.1814314	-0.19204523	0.60781425	-0.37536734	-0.09770459	0.10787032	0.07850393	0.38488185	0.0030385843	-0.39870393	0.49796292	0.40655872	0.05197174	-0.5138762	0.10490249	0.023244934	-0.27295998	0.4854652	0.59003836	-0.021261917
0.14497565	0.4804532	0.095137	-0.3120924	-0.09464487	-0.07190689	0.16784056	0.3551065	-0.023802243	-0.31277692	-0.17132825	-0.18399258	0.60440004	-0.36713806	-0.07469498	0.10714198	0.07392122	0.39050573	0.027278135	-0.3978878	0.45944884	0.40067828	0.027196	-0.5001556	0.09188437	0.023424482	-0.26064336	0.47721288	0.5524443	-0.013192801
0.13187681	0.5122254	0.05744389	-0.30558553	-0.14029339	-0.056971237	0.18652856	0.39229023	0.017828396	-0.28793278	-0.11735042	-0.23833172	0.61024386	-0.35040468	-0.044630256	0.16486053	0.07673687	0.4164677	0.058544602	-0.42929187	0.54940534	0.45306703	0.03443952	-0.45321772	0.09005976	0.03029902	-0.2463887	0.54982555	0.62348443	-0.018303681
0.15715687	0.51411253	0.18883564	-0.3889359	-0.124722585	-0.038243156	0.15384279	0.35593325	0.0014039684	-0.3384411	-0.18789251	-0.18646158	0.6491426	-0.35887277	-0.08887727	0.09118611	-0.011858977	0.47183818	0.06910423	-0.39674765	0.50723445	0.5237278	0.06879885	-0.544477	0.077107415	-0.010146793	-0.32551628	0.6105833	0.59718287	-0.0175088
0.15233138	0.5141021	0.13114293	-0.30828974	-0.10723711	-0.04597386	0.1605844	0.33432758	-0.022148058	-0.3348581	-0.1644573	-0.17890967	0.6415654	-0.35471877	-0.08942938	0.110185176	0.038837448	0.3992064	0.042426623	-0.40035427	0.49203548	0.43200603	0.024779927	-0.51098347	0.08416478	0.005318821	-0.29162657	0.51505953	0.57401925	-0.053133953
0.18815951	0.4574005	0.08231598	-0.3016926	-0.089431815	-0.048562165	0.15440533	0.32258087	0.007878328	-0.3087736	-0.18847744	-0.18569155	0.59815365	-0.34957117	-0.104662225	0.12786746	0.06502872	0.3649453	0.046909552	-0.36751133	0.49523866	0.41525328	0.024724396	-0.4723808	0.11430779	0.028268496	-0.26686704	0.45327526	0.56013817	-0.033166524
0.15460467	0.48130986	0.095489204	-0.3047643	-0.10111533	-0.053033233	0.18517117	0.3612205	-0.024479026	-0.3345061	-0.16204815	-0.17448989	0.63324046	-0.37919837	-0.099268645	0.12038758	0.06556128	0.3810725	0.03049958	-0.41763866	0.5093083	0.4210086	0.06230421	-0.5184997	0.113524176	0.0073593	-0.29009092	0.5007625	0.61520785	-0.019888915
0.1632376	0.4816188	0.10199405	-0.2845493	-0.06780563	-0.051339295	0.17441536	0.33153298	-0.00086610025	-0.34527647	-0.14015172	-0.20274368	0.61974984	-0.3571783	-0.090973616	0.111305766	0.044603445	0.36076066	0.036105264	-0.36705384	0.4914886	0.42473173	0.032008924	-0.50453675	0.10443611	0.019715343	-0.25709578	0.48291272	0.57253826	-0.0141468
0.16345367	0.46217135	0.09380444	-0.30532604	-0.051385928	-0.059851505	0.16025509	0.34531784	-0.004938767	-0.34429812	-0.16695125	-0.17659329	0.6056941	-0.36717787	-0.09862783	0.12188687	0.057350513	0.36743784	0.0075788726	-0.3824368	0.45075023	0.39581934	0.0564468	-0.52047217	0.11887393	0.033806887	-0.24622016	0.4493524	0.5690814	-0.03943452
0.1346689	0.49260995	0.0872329	-0.2831643	-0.0772987	-0.07394926	0.1791408	0.35386026	-0.006362678	-0.32049835	-0.16969182	-0.18519166	0.63465905	-0.3606362	-0.071575426	0.12528597	0.067112364	0.3604033	0.0014818403	-0.3950475	0.48253605	0.44112352	0.041089572	-0.50019246	0.11610821	0.033091098	-0.25912634	0.48172733	0.58948106	-0.032720912
0.16419932	0.5340844	0.07860114	-0.31677628	-0.10249899	-0.066987	0.1986687	0.36680087	0.011896513	-0.35271984	-0.16000459	-0.2077784	0.65922564	-0.39684215	-0.06400561	0.1534957	0.06843656	0.39163092	0.017797088	-0.420551	0.49842638	0.440393	0.025466671	-0.52364874	0.11079419	0.024749063	-0.26779783	0.5439194	0.6187295	-0.038550287
0.16184025	0.50967103	0.12238669	-0.26867294	-0.07055384	-0.06385997	0.18150546	0.38524854	0.012247924	-0.36733338	-0.18255351	-0.17830524	0.6896878	-0.38919765	-0.08739322	0.13945203	0.05966825	0.37981927	0.011902076	-0.37866437	0.48026288	0.4300773	0.049651433	-0.54223967	0.089232706	0.011030386	-0.29424256	0.51443744	0.6101983	-0.015033764
0.1409256	0.4905319	0.09859402	-0.28804675	-0.08378282	-0.052632198	0.19121954	0.3811433	0.019844819	-0.35591587	-0.15357322	-0.19141151	0.6532691	-0.388439	-0.09867291	0.14095613	0.040733602	0.36503604	0.032408856	-0.39196295	0.4752461	0.42025796	0.034547947	-0.50583595	0.117948525	0.024429012	-0.28441414	0.51000094	0.59760875	-0.034300037
0.16983283	0.47985682	0.10632066	-0.29869288	-0.09837839	-0.049792297	0.15899335	0.3530418	-0.007187186	-0.31366846	-0.1728478	-0.16861187	0.59824544	-0.36995673	-0.09964882	0.13913365	0.039404683	0.3577091	0.045238126	-0.38561505	0.5073709	0.42164814	0.01754378	-0.48920837	0.087600745	0.00070311484	-0.2521058	0.5201374	0.56305385	-0.03267031
0.16232902	0.4593121	0.07455003	-0.2847494	-0.06509401	-0.07102891	0.17381112	0.35891554	-0.015251686	-0.341012	-0.15619463	-0.16670798	0.61696494	-0.3720456	-0.07976843	0.12096994	0.07073328	0.38676128	0.0057478957	-0.3908757	0.46390212	0.4293132	0.044433396	-0.47622228	0.116838805	0.03763388	-0.24425949	0.4773158	0.5870711	-0.018130876
0.13492353	0.47813478	0.07633677	-0.2828316	-0.09287268	-0.07469933	0.15340687	0.33958006	-0.009254664	-0.31523937	-0.14230624	-0.18408404	0.59522045	-0.33431843	-0.08151392	0.1203563	0.06390409	0.34623376	0.014236324	-0.3802179	0.48473606	0.40602848	0.039595585	-0.47222695	0.084005244	0.036080074	-0.25796607	0.46672648	0.5642652	-0.02755021
0.15182431	0.5701821	0.09807783	-0.32882157	-0.08034581	-0.073290154	0.21743077	0.3760041	-0.029802136	-0.34069896	-0.13854615	-0.1977853	0.6759127	-0.4083419	-0.102394626	0.11660723	0.06604518	0.38944063	0.04938586	-0.4334276	0.50541323	0.44587353	0.04669848	-0.52095675	0.075453095	0.04117866	-0.25926042	0.5598282	0.63474053	-0.013148168
0.13850108	0.46224582	0.10210085	-0.2930408	-0.11835572	-0.05531264	0.16094416	0.36317885	0.02678003	-0.3423638	-0.13972002	-0.14430684	0.6172565	-0.37356335	-0.07800941	0.10559555	0.08042374	0.35681093	0.021850666	-0.39300844	0.5069126	0.41387236	0.014844301	-0.5071565	0.13074246	0.0070917164	-0.2698804	0.46857494	0.57515794	-0.054263588
0.14257364	0.44744697	0.10082883	-0.29774326	-0.088229224	-0.046453856	0.15952495	0.299088	0.0035940132	-0.33588746	-0.18745068	-0.15468998	0.6406902	-0.3790839	-0.088302456	0.12417341	0.08681668	0.36303028	0.015995666	-0.36544466	0.48476765	0.44560382	0.029077742	-0.4957244	0.0925991	0.042664148	-0.27483258	0.45847774	0.56775665	-0.038730893
0.18302004	0.47987393	0.09424404	-0.2945403	-0.09350894	-0.0575657	0.19137609	0.34557682	-0.00074620696	-0.3292463	-0.182372	-0.1784227	0.6286887	-0.38161725	-0.10882885	0.10749502	0.04987585	0.37396395	0.04103085	-0.41114193	0.5114562	0.44129953	0.020216497	-0.5070505	0.08535771	0.023938345	-0.27791318	0.47823182	0.5867653	-0.024524102
0.12444083	0.48841327	0.14876562	-0.34225956	-0.084925644	-0.045055795	0.16282918	0.37001926	0.0180721	-0.3545219	-0.16248265	-0.18222691	0.6610007	-0.3961988	-0.10863095	0.09512644	0.02979927	0.41397786	0.040662978	-0.3904546	0.48997816	0.50589424	0.02395771	-0.5414656	0.10714268	0.0034823327	-0.2935755	0.56780046	0.60065377	-0.04027009
0.16957559	0.45309186	0.11321919	-0.29122597	-0.07450811	-0.06666204	0.15651938	0.334727	-0.0024092216	-0.31348103	-0.15723869	-0.17997648	0.6564054	-0.39046326	-0.11182808	0.11267277	0.067081034	0.38444945	0.038838167	-0.3733744	0.50194985	0.43716544	0.06638447	-0.5302852	0.10148929	0.011451944	-0.29851988	0.49707872	0.5900663	-0.033431247
0.15620999	0.50197953	0.09410668	-0.2851512	-0.082769655	-0.054304905	0.18981066	0.35253665	-0.032260463	-0.33105567	-0.13971452	-0.16735208	0.5984144	-0.34205717	-0.070027955	0.108225845	0.05253487	0.3832274	0.03853395	-0.37603608	0.47490746	0.40335155	0.023156408	-0.48862675	0.08553147	0.0038614273	-0.29619315	0.49869102	0.5761007	-0.05077543
0.14968504	0.45749387	0.09850381	-0.27118412	-0.097038954	-0.078988284	0.14457019	0.31487325	0.0011806183	-0.31054363	-0.17208697	-0.1879162	0.5983245	-0.34310976	-0.10041314	0.108323514	0.05281021	0.34770012	0.008771167	-0.37178543	0.48884258	0.40467998	0.04381219	-0.4945566	0.08749369	0.03045959	-0.2704446	0.47531822	0.5655133	-0.038107306
0.16687648	0.48538166	0.10194229	-0.28437325	-0.07085245	-0.090150796	0.16741659	0.36351177	0.008063656	-0.33963326	-0.15401283	-0.19323166	0.6091102	-0.34826675	-0.08297142	0.10639511	0.07448067	0.3920984	0.018687999	-0.37264106	0.5102185	0.41738328	0.034354918	-0.5061616	0.10308095	0.018242663	-0.27577752	0.47880927	0.5531278	-0.03391381
0.17419381	0.4731618	0.08172811	-0.28749964	-0.073615886	-0.065500505	0.16716796	0.35078865	0.011709953	-0.3259515	-0.15079966	-0.1762079	0.6249187	-0.34728894	-0.081995405	0.1122375	0.058375463	0.3651563	0.04692248	-0.3712847	0.46581548	0.4043949	0.033902515	-0.49348482	0.10663433	0.011137138	-0.25733715	0.47425067	0.56781584	-0.039586067
0.13480633	0.4775907	0.09775173	-0.28017345	-0.07866123	-0.044982832	0.19468488	0.3441582	-0.004100962	-0.31042	-0.15473174	-0.1916219	0.61230206	-0.3422531	-0.08326351	0.08811461	0.043358378	0.36481988	0.005735163	-0.36812234	0.4866342	0.40566754	0.012314515	-0.5003597	0.08892478	0.038584225	-0.25850287	0.46075135	0.5680401	-0.045110144
0.16650571	0.43384427	0.10438998	-0.2753375	-0.07742092	-0.04678135	0.16364446	0.31785825	-0.004459657	-0.30330557	-0.15452379	-0.15828142	0.5843848	-0.32986417	-0.06759997	0.12508184	0.050384536	0.35415998	0.03495697	-0.37009978	0.45136687	0.3820389	0.01064115	-0.43148682	0.11142282	0.032407634	-0.24808358	0.44508317	0.5346408	-0.0047601946
0.16045055	0.46403468	0.0845956	-0.2921755	-0.07628925	-0.063450895	0.18108788	0.35744894	-0.019357763	-0.33048272	-0.15149736	-0.18884394	0.62359846	-0.36218682	-0.086819746	0.13562527	0.07449177	0.38729262	0.026758432	-0.3764011	0.48091644	0.40459824	0.054573227	-0.48498583	0.08861598	0.015816752	-0.25157148	0.47983158	0.5826174	-0.043535404
0.14260754	0.58102876	0.10676533	-0.323514	-0.17646118	-0.05288197	0.20224379	0.35849252	7.461703e-05	-0.30200842	-0.1305285	-0.16755413	0.66144085	-0.37644354	-0.08902685	0.18586384	0.02625953	0.44070628	0.023856286	-0.44112834	0.5604597	0.47657165	-0.010631959	-0.5215443	0.12046944	0.023912402	-0.32846472	0.5729106	0.6233173	-0.05327283
0.13404036	0.4665602	0.11189216	-0.2870658	-0.079030305	-0.059909113	0.18261765	0.34150788	0.009120061	-0.31051853	-0.16612591	-0.17011058	0.6260556	-0.35180843	-0.10042754	0.10885254	0.055670906	0.37870893	0.040329248	-0.36588117	0.47608647	0.39110166	0.045772523	-0.48485687	0.09264366	0.014039272	-0.29255664	0.48753667	0.5948315	-0.0121881515
0.17655464	0.4660931	0.09034737	-0.289271	-0.05884956	-0.0724824	0.1785209	0.32298198	0.0026971784	-0.30755356	-0.15087439	-0.18961523	0.6013678	-0.36111575	-0.09344634	0.09884001	0.041418172	0.3575609	0.04168483	-0.3759137	0.4686148	0.38936234	0.030637613	-0.50104785	0.076232515	0.04016748	-0.25941783	0.4550521	0.5397394	-0.045265753
0.1536101	0.45652765	0.09477329	-0.3012812	-0.0557896	-0.076113276	0.17763424	0.32075873	-0.010762295	-0.32964766	-0.16988882	-0.17317797	0.58875346	-0.36738077	-0.07838113	0.13102202	0.05115446	0.35762522	0.014017755	-0.37322056	0.4812292	0.40875995	0.038454168	-0.47308677	0.11554008	0.009115934	-0.23959874	0.44429395	0.5697935	-0.018505473
0.1501591	0.50150025	0.09749826	-0.27921957	-0.091625996	-0.042124357	0.1744397	0.3478931	-0.017871438	-0.34796873	-0.1343044	-0.16949596	0.62013626	-0.3770131	-0.09391501	0.1256402	0.038051628	0.3794539	0.027994482	-0.39359596	0.49067098	0.39656344	0.039743796	-0.5070308	0.093322895	0.03165032	-0.28446782	0.47606984	0.5844665	-0.020873502
0.14217511	0.4698412	0.08661721	-0.27299818	-0.088293955	-0.07166866	0.17488171	0.3512911	0.0037314938	-0.34677038	-0.16627772	-0.16254422	0.6386438	-0.38553554	-0.077419765	0.14327419	0.049197078	0.37675107	0.028314287	-0.4019949	0.465915	0.4071878	0.053689715	-0.49537843	0.084979974	0.018231997	-0.2772014	0.47715968	0.58670473	-0.008705787
0.17932881	0.488886	0.11199203	-0.3154576	-0.100512505	-0.048796788	0.1949984	0.36241865	0.003068372	-0.30997238	-0.14218467	-0.20403245	0.61803925	-0.36042774	-0.09574479	0.13156533	0.062106565	0.38180414	0.020193152	-0.4152822	0.4859064	0.4398687	0.017122721	-0.48309547	0.099492684	0.030741092	-0.27909693	0.52171266	0.57936573	-0.015259859
0.1459888	0.46827805	0.114200555	-0.2801552	-0.09368252	-0.050818074	0.16256724	0.3416779	-0.0068771522	-0.33979258	-0.14301199	-0.17032024	0.632859	-0.38032243	-0.08737929	0.11037591	0.04435693	0.35567975	0.028217724	-0.39068627	0.47141364	0.40839982	0.016866323	-0.5158131	0.087426886	0.03066862	-0.29457217	0.48400083	0.5651881	-0.046759903
0.13783687	0.49776486	0.10040736	-0.31602356	-0.094546564	-0.05506221	0.17028344	0.348744	0.005811525	-0.32214895	-0.14716215	-0.20189866	0.6563325	-0.3671028	-0.08715055	0.10599201	0.039226137	0.39724433	0.038559567	-0.3817622	0.51153356	0.45816427	0.037037417	-0.53515905	0.10497726	-0.0016683763	-0.28683677	0.5134289	0.6153135	-0.025114417
0.16254516	0.5826885	0.07173478	-0.28776148	-0.17386732	-0.05323604	0.21077028	0.3768995	-0.0043642675	-0.2948302	-0.112114675	-0.13709152	0.60348636	-0.3902452	-0.03536115	0.13436942	0.08539669	0.41896093	0.041067712	-0.47797665	0.50224525	0.41205567	-0.01995886	-0.5319022	0.07060314	0.043951105	-0.3058163	0.57810044	0.60053504	-0.09295762
0.16814478	0.48824906	0.11327414	-0.28512177	-0.08559143	-0.067972906	0.18753695	0.363632	0.0042614406	-0.350259	-0.15090723	-0.18266514	0.6441433	-0.36930194	-0.09659254	0.1321036	0.0491806	0.37667924	0.040300816	-0.42020482	0.5185208	0.4538943	0.050374396	-0.5049282	0.09726552	0.011547087	-0.28975537	0.50017554	0.59290665	-0.020234596
0.17502892	0.5155033	0.11348071	-0.28680113	-0.09856371	-0.0661604	0.20277138	0.34594652	-0.003679968	-0.34244993	-0.16085082	-0.21221644	0.6506013	-0.40147108	-0.10095791	0.12323601	0.075460576	0.3867474	0.016619649	-0.384894	0.49770632	0.42099845	0.02948618	-0.5077495	0.111561626	0.03195772	-0.31566665	0.4881781	0.6105733	-0.010915744
0.1257152	0.48908722	0.09820387	-0.29115018	-0.108137354	-0.033213995	0.1869558	0.36535668	0.004889644	-0.29376334	-0.114425026	-0.17660274	0.5965241	-0.33409294	-0.07594872	0.13604824	0.039487977	0.37343025	0.026714781	-0.40120167	0.4934048	0.40503857	0.033169497	-0.49073103	0.101701856	0.035524096	-0.27500114	0.48255405	0.589231	-0.04526065
0.14727524	0.46939313	0.08538659	-0.29185143	-0.0750975	-0.06803347	0.17400722	0.32752815	-0.00794691	-0.32951382	-0.14730379	-0.1641791	0.61553895	-0.37360668	-0.09318103	0.12334468	0.04700606	0.36499655	0.03572253	-0.3898926	0.47104272	0.42168263	0.010552447	-0.49140534	0.09306511	0.009376808	-0.2774029	0.48621866	0.56075305	-0.04579213
0.13935411	0.5508118	0.08685149	-0.3285219	-0.08824243	-0.042144924	0.1855004	0.37011454	0.006680805	-0.32456177	-0.13620114	-0.22000691	0.65859747	-0.40563443	-0.098034866	0.13896608	0.05067972	0.40985438	0.025730649	-0.39271668	0.5131056	0.4462124	0.054563183	-0.52675027	0.10108935	0.034056786	-0.25060475	0.54846907	0.60896087	-0.040011816
0.16619128	0.49966335	0.10389883	-0.31335187	-0.08009146	-0.050593026	0.17331062	0.32969114	-0.0061387555	-0.34192863	-0.17933396	-0.17914864	0.627525	-0.3690852	-0.100325175	0.13641535	0.0480966	0.3827053	0.029376116	-0.40367118	0.48559853	0.41019872	0.051619377	-0.5323267	0.08854609	0.013615476	-0.2904143	0.504142	0.5833758	-0.04384545
0.14900045	0.50165004	0.07837942	-0.29786596	-0.06672182	-0.08589567	0.17742683	0.34116638	0.0048657614	-0.34039858	-0.15680481	-0.16916957	0.6493323	-0.39637348	-0.08293678	0.14497177	0.06190732	0.39393613	0.042756062	-0.4143111	0.47625685	0.44356546	0.041937545	-0.51543754	0.11568717	0.01551556	-0.28061792	0.47090164	0.6176201	-0.011216072
0.14271185	0.48556983	0.08740039	-0.29929155	-0.084634446	-0.059440862	0.17068857	0.33106276	-0.021026988	-0.33158827	-0.1356235	-0.19896686	0.59691393	-0.35370874	-0.07454123	0.13035093	0.03298975	0.3830919	0.03694885	-0.36321947	0.49125785	0.43416542	0.03173954	-0.4833675	0.09074713	0.010736204	-0.2772576	0.49475405	0.587599	-0.015725758
0.15255278	0.52520376	0.08367714	-0.31664374	-0.08562723	-0.050172377	0.20042735	0.37817276	-0.026427343	-0.34042612	-0.176875	-0.21648945	0.6456102	-0.372585	-0.08746545	0.116514996	0.041887738	0.42551544	0.016042858	-0.4044669	0.5051019	0.44172627	0.019678313	-0.55286187	0.11683981	0.046622615	-0.28182617	0.50631946	0.6187086	-0.04878176
0.17620963	0.5024762	0.13004749	-0.29565126	-0.056586534	-0.035896204	0.1668654	0.37078458	-0.006287787	-0.3309969	-0.17121558	-0.19574459	0.6433505	-0.37557685	-0.09857873	0.14388888	0.07482924	0.3994661	0.050400577	-0.43037674	0.50918317	0.4435183	0.03216607	-0.5033476	0.0675882	0.044831816	-0.295381	0.4944942	0.5760786	-0.003263616
0.16279177	0.4452689	0.10906915	-0.26833606	-0.07012466	-0.054198615	0.17098524	0.3441575	-0.027174702	-0.32794648	-0.15926813	-0.16853102	0.6211823	-0.35467365	-0.0869064	0.13704214	0.06648143	0.35890555	0.014130046	-0.37968418	0.45382074	0.39863098	0.04481911	-0.4934263	0.07730796	0.009704602	-0.28377753	0.46950534	0.5761679	-0.015135403
0.15435432	0.4962555	0.13242982	-0.31709749	-0.060122997	-0.06938922	0.19156198	0.40431505	0.026589131	-0.35428107	-0.17335966	-0.20830962	0.6871769	-0.43561012	-0.09875195	0.1697397	0.035583504	0.40706813	0.029456243	-0.41355872	0.50331634	0.47923216	0.043533664	-0.5480725	0.0843982	0.044000197	-0.27939528	0.52925676	0.61709553	0.0065646106
0.15377161	0.43532586	0.08093868	-0.2793789	-0.08366163	-0.06741754	0.1657784	0.3306672	0.005762181	-0.29864544	-0.13398485	-0.183863	0.55903417	-0.33506215	-0.075101376	0.09448811	0.07462246	0.3490851	0.025743835	-0.33776087	0.45020103	0.3912048	0.006170278	-0.46501738	0.095814064	0.014927139	-0.2341092	0.45302418	0.5080212	-0.03622714
0.16130835	0.506611	0.09748391	-0.31709382	-0.10860352	-0.055361193	0.17068991	0.3434474	-0.020582454	-0.32457265	-0.1689733	-0.177557	0.6254098	-0.39680144	-0.10235503	0.116460994	0.075433165	0.39115342	0.029468803	-0.42207384	0.5214725	0.40928313	0.04237951	-0.5333315	0.08610892	0.024430923	-0.27521062	0.51836216	0.60421044	-0.040446978
0.18363222	0.47672302	0.12581782	-0.29333	-0.109912425	-0.07693926	0.1431005	0.32490763	-0.027304761	-0.35182205	-0.13879651	-0.1655248	0.6474466	-0.37142923	-0.085697636	0.094458476	0.03242034	0.39634773	-0.003390377	-0.3804075	0.5246569	0.44414654	0.0265558	-0.5214821	0.10272723	0.005517945	-0.2940203	0.49020422	0.5962446	-0.08039743
0.14657705	0.48740628	0.10668696	-0.29369608	-0.108949326	-0.046473846	0.1587732	0.346986	0.0006930256	-0.3064115	-0.15963857	-0.17504875	0.6016754	-0.3550208	-0.10017641	0.13597052	0.072523415	0.39090103	0.014886609	-0.40403834	0.4824242	0.42202675	0.017377986	-0.48015857	0.073448226	0.019685484	-0.26012537	0.5081897	0.55957717	-0.02506163
0.13173394	0.6013152	0.09447652	-0.31446317	-0.16958167	-0.057747614	0.1684602	0.3311608	-0.020798063	-0.30408615	-0.13106112	-0.17287749	0.57251114	-0.31654704	-0.054234408	0.17280917	0.0856887	0.43109003	-0.0076962663	-0.45466515	0.52619547	0.4245771	-0.0044182213	-0.49152014	0.06582919	0.04321371	-0.28889787	0.55629176	0.61180335	-0.09758602
0.15992348	0.46831748	0.07447755	-0.28060675	-0.09552075	-0.06635874	0.16843675	0.36847213	3.8223545e-05	-0.30342427	-0.12862279	-0.21214971	0.62623084	-0.35241005	-0.06318448	0.12489844	0.07528029	0.39154613	0.04780309	-0.39888543	0.5089899	0.40527695	0.025955942	-0.4894946	0.08933514	0.037856124	-0.27192324	0.5198948	0.60450995	-0.051503066
0.21721914	0.58619845	0.043360297	-0.32672548	-0.16393083	-0.062904276	0.22697845	0.38479373	-0.053553812	-0.300889	-0.19570963	-0.17965539	0.6897106	-0.44372946	-0.04076252	0.20318946	0.12399815	0.44263935	-0.01168718	-0.40094155	0.535314	0.4248647	0.117285356	-0.54249895	0.048164956	-0.008415895	-0.2366556	0.6116261	0.5809079	0.033136774
0.1955292	0.563179	0.13158982	-0.30182952	-0.09260093	-0.05215494	0.18469363	0.39820704	0.030546542	-0.39599523	-0.15668754	-0.21400753	0.63944834	-0.38553783	-0.11323602	0.1393614	0.019723043	0.43475652	0.08313496	-0.46927208	0.5176249	0.42667824	0.055369772	-0.5382013	0.10176892	0.013678527	-0.26174858	0.49197632	0.61138076	-0.032562584
0.13939649	0.47629628	0.11724152	-0.31790063	-0.060020108	-0.07347812	0.19037478	0.33792028	-0.018498415	-0.32057178	-0.17171551	-0.18768524	0.6445886	-0.3780089	-0.07248121	0.11006081	0.035405375	0.37917423	0.011156161	-0.38135377	0.49647376	0.42113942	0.04905695	-0.52998024	0.088967256	0.018052617	-0.2669428	0.5164298	0.59527886	-0.034895953
0.14096993	0.46642563	0.12691322	-0.28507954	-0.057043727	-0.04555336	0.19871983	0.36287192	0.027363008	-0.34995103	-0.19023755	-0.1973163	0.6698518	-0.42126143	-0.08530557	0.15977636	0.05589637	0.41065723	-0.000965204	-0.41149917	0.51345146	0.44356737	0.035589073	-0.52562404	0.0807518	0.008431499	-0.27731502	0.4747696	0.61945295	0.0006731788
0.15427104	0.49608997	0.1029753	-0.30485097	-0.085935794	-0.047058262	0.17364396	0.3544319	0.009356067	-0.34263954	-0.17617874	-0.1931339	0.61077434	-0.3558424	-0.08050901	0.1100392	0.05564912	0.39896512	0.008431186	-0.36672875	0.5085927	0.43322405	0.012492402	-0.49702194	0.09827981	0.035028644	-0.2825351	0.5254737	0.57848954	-0.036022745
0.16060095	0.4803603	0.10481516	-0.27675128	-0.106861405	-0.033334557	0.15715088	0.31206432	0.024191676	-0.29747513	-0.16898079	-0.16408423	0.6369696	-0.3380699	-0.10028198	0.13173708	0.03150068	0.36485136	0.009540747	-0.4072485	0.4837847	0.42167485	0.00423981	-0.5024694	0.10836424	-0.0015499839	-0.25457478	0.48344165	0.54764456	-0.029037861
0.18001182	0.47218344	0.09753867	-0.3002811	-0.08943381	-0.04911839	0.17985904	0.34344605	0.005510852	-0.31027693	-0.1555017	-0.16190624	0.6395649	-0.37290815	-0.08636086	0.12542662	0.046301283	0.37113896	0.028712489	-0.39899486	0.50702435	0.41270602	0.039332516	-0.50572014	0.089820005	0.0130418	-0.29699135	0.49631834	0.5813395	-0.035308894
0.18054242	0.6164622	0.074208505	-0.3573526	-0.16632503	-0.07176214	0.20019431	0.36931142	-0.0021929771	-0.3326401	-0.121862665	-0.1833233	0.68593794	-0.4074237	-0.07932275	0.19908626	0.016422156	0.45482007	0.067025915	-0.47867015	0.6020344	0.46054766	-0.030405687	-0.5617629	0.11864851	0.0067315386	-0.35092416	0.6224274	0.65003693	-0.07021187
0.1694949	0.48007566	0.1047351	-0.29170176	-0.107538864	-0.05739652	0.1870091	0.36540404	0.004241042	-0.32104814	-0.16956475	-0.1823888	0.611769	-0.37435067	-0.0810469	0.1022503	0.08134612	0.38254866	0.020506943	-0.40815228	0.4928903	0.43188125	0.032840203	-0.49516028	0.094432585	0.008222627	-0.30578455	0.5020199	0.57434195	-0.0374725
0.14913455	0.50898725	0.09435574	-0.34083337	-0.06352284	-0.07926912	0.20000435	0.3924713	0.018230177	-0.34639865	-0.19555466	-0.1719473	0.6544369	-0.3939239	-0.07823663	0.093060106	0.05978996	0.37204424	0.015768921	-0.42563644	0.5099855	0.47934175	0.0423542	-0.5574205	0.099733785	0.02975894	-0.28894424	0.50228924	0.6078428	-0.020526696
0.14577833	0.46304828	0.11236139	-0.2862006	-0.10044774	-0.049559616	0.16253275	0.36182207	0.0019869565	-0.3432452	-0.15521757	-0.16461506	0.6150145	-0.35738802	-0.086802736	0.09561929	0.060409203	0.36606577	0.04097694	-0.35723233	0.45075902	0.42912447	0.042195197	-0.5146288	0.11225379	0.0013395702	-0.25767556	0.48919663	0.54758036	-0.03647627
0.13762325	0.53139764	0.14916053	-0.3098818	-0.13415615	-0.073569424	0.13480338	0.38907543	-0.021568587	-0.3398515	-0.121963665	-0.23178612	0.6445052	-0.37942418	-0.0822032	0.15026364	0.07493497	0.39427352	0.055556595	-0.42783216	0.55000335	0.45337313	0.014799884	-0.5057565	0.052661516	-0.015729751	-0.27360138	0.54325336	0.53183085	-0.06255019
0.15548313	0.4986832	0.10577343	-0.30718115	-0.10301716	-0.07732339	0.17269124	0.35143876	0.0078569865	-0.34246412	-0.13763279	-0.16812216	0.6256629	-0.37362874	-0.10098711	0.12038363	0.059909757	0.37552422	0.05549963	-0.4018345	0.49469382	0.407633	0.021456983	-0.5106581	0.07746582	0.026840098	-0.27349707	0.50464624	0.5936006	-0.013803844
0.17474109	0.4973658	0.10355903	-0.30214676	-0.08659792	-0.075886875	0.15698183	0.34297493	-0.018901387	-0.31119058	-0.15408209	-0.18428302	0.61599976	-0.37206846	-0.1024922	0.108271584	0.07556849	0.37195545	0.014248843	-0.4089613	0.49045545	0.41552237	0.05806891	-0.48877287	0.09827729	0.02928494	-0.28590274	0.50504225	0.5961248	-0.011451789
0.1875875	0.60643786	0.06535105	-0.33660176	-0.18442418	-0.03260589	0.21809128	0.37254238	-0.0353305	-0.32108176	-0.099817805	-0.15055507	0.6860811	-0.38593844	-0.05808618	0.19770774	0.005515586	0.48352635	0.058071796	-0.48544165	0.5979065	0.48381984	-0.019657567	-0.5470878	0.15076241	0.03592373	-0.35036135	0.61648434	0.6188137	-0.0785535
0.14897218	0.46069747	0.09031968	-0.29409325	-0.06895793	-0.048707467	0.15440477	0.33107144	-0.020703025	-0.2987475	-0.1617394	-0.1860953	0.5891906	-0.35067242	-0.097174875	0.106693216	0.06285339	0.3728298	0.014281454	-0.36403465	0.47813624	0.4042707	0.023860404	-0.50250465	0.08561725	0.014388058	-0.24924035	0.46873325	0.55420595	-0.033685207
0.13696359	0.46150365	0.09817542	-0.29355705	-0.0667992	-0.08939173	0.20188855	0.34221962	0.0050678723	-0.332763	-0.1677406	-0.18460795	0.59841144	-0.37033978	-0.07686165	0.121289596	0.05691421	0.36278984	0.004636116	-0.37251115	0.48653552	0.42901307	0.039686542	-0.49290657	0.10222944	0.015961593	-0.26291475	0.46955413	0.59488356	-0.02088153
0.170395	0.54923433	0.10797771	-0.31246224	-0.10475154	-0.04415107	0.16436775	0.37865	-0.029181046	-0.40125453	-0.19449589	-0.20020173	0.7403677	-0.38773292	-0.12493823	0.11539009	0.04181458	0.4175917	0.027350653	-0.40531987	0.53514796	0.468712	0.024508743	-0.58998805	0.10157129	0.006191721	-0.2792007	0.5444445	0.649043	-0.043212302
0.13749221	0.5280681	0.11654096	-0.30165485	-0.11370604	-0.04154127	0.1768233	0.36870763	0.0024517914	-0.3505553	-0.1418451	-0.2078899	0.63674015	-0.3679741	-0.09557809	0.120411254	0.07373563	0.41247725	0.027023256	-0.38699272	0.49640363	0.42476836	0.015916005	-0.50826555	0.09722351	0.010509698	-0.27909285	0.528057	0.60624754	-0.03709524
0.15310669	0.49137416	0.07842311	-0.31394336	-0.09694463	-0.061240647	0.18415137	0.36263826	-0.014025942	-0.30962384	-0.13805367	-0.20577912	0.6166388	-0.34700164	-0.085816175	0.13020572	0.068823405	0.3939299	0.017950455	-0.3815554	0.4821526	0.42596123	0.019127144	-0.5007631	0.0828104	0.027363526	-0.26712185	0.5100399	0.576651	-0.035584707
0.16150254	0.4680674	0.095284194	-0.29594466	-0.09967863	-0.035050664	0.188231	0.35403	0.019960627	-0.34241664	-0.16072872	-0.179429	0.62658906	-0.40029004	-0.088411815	0.11595432	0.07788077	0.3891353	0.036602363	-0.37663612	0.47973594	0.43374443	0.053569045	-0.5037722	0.106570505	0.028014168	-0.26889506	0.49261093	0.6007925	-0.022581143
0.14752215	0.48687586	0.09785887	-0.27010533	-0.10816956	-0.034400735	0.17378971	0.33607867	-0.0261837	-0.3143144	-0.16611102	-0.18597147	0.63609594	-0.36713055	-0.10486376	0.13030632	0.05038291	0.39866218	0.036252342	-0.3788989	0.5051613	0.43556455	0.02003906	-0.48326528	0.11086405	0.034348764	-0.28714743	0.49591973	0.58909607	-0.027323382
0.1415974	0.4923917	0.10943146	-0.30167294	-0.082639396	-0.048171554	0.17284228	0.3596009	-0.012721077	-0.3293011	-0.14659669	-0.19679603	0.60463643	-0.35166684	-0.0815657	0.10526267	0.06858666	0.3560413	0.017569473	-0.37725884	0.47470227	0.42548138	0.042474933	-0.5023858	0.097814515	0.036544144	-0.27249664	0.4826504	0.5858893	-0.017696807
0.14027154	0.48784387	0.111165054	-0.29380864	-0.08038083	-0.057163674	0.18183437	0.33883542	-0.009300322	-0.3225547	-0.14769782	-0.16341825	0.6180492	-0.3649417	-0.0655434	0.10250359	0.038064346	0.34866634	0.045283165	-0.3857055	0.46265173	0.4192565	0.0505569	-0.502582	0.09552919	0.017009065	-0.24162807	0.49348822	0.55194396	-0.017608546
0.12080875	0.55612266	0.07109976	-0.31876305	-0.13581634	-0.029631173	0.18626203	0.41470668	-0.032117933	-0.29692596	-0.16976778	-0.17871259	0.64305437	-0.3837297	-0.062643304	0.15956791	0.01617597	0.4100144	0.04699324	-0.36967045	0.5454837	0.46804976	-0.006930129	-0.5579664	0.12992227	0.048711956	-0.27339232	0.5257177	0.6270133	-0.08646715
0.13702391	0.5054242	0.10444815	-0.31409782	-0.11397826	-0.08551392	0.19643559	0.34544057	-0.009794637	-0.3020493	-0.13354413	-0.17761098	0.5947469	-0.34304744	-0.06535286	0.13429643	0.069481626	0.37417138	0.027851371	-0.40529144	0.49613482	0.42683935	0.037359238	-0.48068118	0.083970875	0.029699836	-0.27879593	0.48418465	0.55934817	-0.044240125
0.17391336	0.44432297	0.073399566	-0.2913624	-0.08637713	-0.07455517	0.16182038	0.3061843	0.015856083	-0.31010625	-0.18393542	-0.18048128	0.62589025	-0.37828943	-0.10214324	0.13145824	0.057735585	0.36374927	0.03076814	-0.36080608	0.46070573	0.3895942	0.049731687	-0.49241382	0.124641724	0.04155022	-0.28609452	0.430749	0.55067694	-0.03481941
0.15317556	0.46330652	0.09324103	-0.28315997	-0.06824651	-0.06063138	0.16333483	0.33358273	0.0065794056	-0.32865697	-0.1771182	-0.17240542	0.6206742	-0.3676701	-0.07762309	0.11268462	0.078485504	0.35763872	0.04439615	-0.37636954	0.4777174	0.39862677	0.008667686	-0.5000442	0.07975932	0.029096453	-0.27695644	0.45717722	0.5656989	-0.026132653
0.15056999	0.51568514	0.08416688	-0.3017927	-0.10883951	-0.07413363	0.1869864	0.37541398	-0.029659389	-0.33695975	-0.17735082	-0.16834594	0.6464381	-0.37713474	-0.06880753	0.12753297	0.06511602	0.38213634	0.04346661	-0.3791755	0.5046064	0.43350497	0.014921448	-0.51082796	0.102304116	0.019591648	-0.27240747	0.5113601	0.61147594	-0.056938764
0.22813077	0.49408498	0.10615171	-0.3639089	-0.092686936	-0.09890367	0.18401028	0.39844444	-0.02463175	-0.43383393	-0.11337608	-0.2853746	0.7181825	-0.3533431	-0.08919984	0.100412905	0.04448851	0.4683038	-0.026578387	-0.51783884	0.52418894	0.46331653	0.025466029	-0.59294236	0.15017274	0.04515947	-0.28351775	0.60067964	0.691777	0.018039722
0.11401614	0.5839743	0.07850614	-0.30853423	-0.110574454	-0.005809873	0.18532199	0.435248	-0.05319169	-0.30290776	-0.16569516	-0.217637	0.61772686	-0.37827578	-0.07025625	0.1405149	0.050515883	0.44802976	0.04234186	-0.4123005	0.5725714	0.5007077	0.039479207	-0.5389269	0.14226311	0.0075914245	-0.2727376	0.5619459	0.65657055	-0.059552174
0.16544542	0.49221373	0.116107896	-0.31734413	-0.098698065	-0.088507354	0.18231761	0.37610024	0.008365542	-0.3443208	-0.14735359	-0.18065518	0.6477977	-0.3720304	-0.08442575	0.12047067	0.07750256	0.3844208	0.03575115	-0.39098424	0.49707258	0.43661335	0.011631648	-0.49647838	0.11130137	0.039125796	-0.27950418	0.48953772	0.60289955	-0.019927913
0.16029887	0.48767227	0.07908314	-0.29628578	-0.0881146	-0.053170394	0.15785566	0.31657016	0.0027833988	-0.31482682	-0.16056207	-0.18867142	0.62285215	-0.39286003	-0.11950041	0.13160653	0.05235003	0.39150918	0.026235944	-0.38041505	0.506527	0.43050566	0.04737123	-0.5009375	0.10558191	0.04177051	-0.29288834	0.50776976	0.57752275	-0.02404449
0.19084595	0.54430854	0.13036227	-0.30151433	-0.14538294	-0.070167534	0.13618365	0.3398555	-0.03455315	-0.34043342	-0.12346082	-0.12673576	0.64729404	-0.36670244	-0.120727934	0.09933287	0.053517785	0.41951692	0.0006651758	-0.41297826	0.5411145	0.4435179	0.0009089183	-0.5160152	0.114585355	0.013287524	-0.31682843	0.53567547	0.61302197	-0.1135004
0.14240792	0.47300035	0.10248385	-0.30378857	-0.09235539	-0.04388603	0.1483937	0.3512393	0.007319683	-0.31138635	-0.13314681	-0.18300493	0.588138	-0.3507183	-0.093092576	0.12851366	0.062422924	0.35799694	0.023497073	-0.35097423	0.45572835	0.40794516	0.036877986	-0.48899668	0.09786342	0.023471007	-0.23582762	0.48168996	0.57352215	-0.034371752
0.15375823	0.5359944	0.12634613	-0.31166205	-0.1387562	-0.07244835	0.17074704	0.33761382	-0.018083556	-0.3296852	-0.16863033	-0.16066267	0.63191295	-0.35622376	-0.097480655	0.13742009	0.05471344	0.39946392	0.018205913	-0.41844735	0.49320477	0.4394833	0.035141047	-0.53365266	0.08972182	0.017936861	-0.27852666	0.5227012	0.62715805	-0.050876174
0.14444698	0.5622719	0.16811706	-0.31328076	-0.122153275	-0.088164724	0.15802476	0.4400384	-0.024638567	-0.40880683	-0.11523318	-0.25552297	0.68687475	-0.4021691	-0.11148422	0.15594365	0.08168322	0.43853733	0.08669219	-0.45473024	0.60406905	0.44497642	0.030794283	-0.5230594	0.052903585	-0.028437829	-0.27353305	0.6082683	0.5710015	-0.07385306
0.16734947	0.48196295	0.08730711	-0.2964205	-0.08523908	-0.07074742	0.18446475	0.3646654	-0.00035555777	-0.34674075	-0.18431722	-0.16508345	0.62910354	-0.36819905	-0.06781841	0.13036601	0.07363162	0.3947746	0.022115732	-0.39063755	0.5118489	0.42311713	0.04612884	-0.5269066	0.10635573	0.013600741	-0.29338533	0.5166045	0.623684	-0.022545256
0.21902873	0.4748064	0.119057655	-0.35549495	-0.0691507	-0.09144447	0.18661334	0.3567702	-0.013955965	-0.41942522	-0.11052016	-0.26044238	0.67259014	-0.34370577	-0.10819191	0.13346148	0.03314856	0.42129973	0.0028431884	-0.48043567	0.51822406	0.42066863	0.021384183	-0.5652233	0.13429107	0.029222619	-0.2700251	0.54967964	0.6386393	0.0012474046
0.21782753	0.59857345	0.10662517	-0.3150023	-0.17072362	-0.061596606	0.20950644	0.3991139	0.007838132	-0.44174466	-0.12799165	-0.20948601	0.6939798	-0.38682917	-0.091269016	0.15324053	0.01819222	0.47023633	0.10215277	-0.49686795	0.5301713	0.4302889	0.012832509	-0.5765883	0.06576064	-0.016359119	-0.27121753	0.57718265	0.6437632	-0.020643668
0.17017354	0.557792	0.11204361	-0.3266001	-0.1325862	-0.07490692	0.2001869	0.37797734	-0.02515022	-0.34818432	-0.17282988	-0.1789537	0.6159061	-0.36904463	-0.07302448	0.11535562	0.022675034	0.42226788	0.05580554	-0.4223602	0.4973259	0.4336095	0.033824787	-0.52352774	0.08303583	0.01908111	-0.31853676	0.52743024	0.6285171	-0.044436913
0.13559262	0.5493805	0.119285464	-0.31139347	-0.16123162	-0.057540264	0.16641782	0.36647913	-0.02594152	-0.2913021	-0.12080978	-0.15547049	0.6106548	-0.3627816	-0.053446732	0.14051645	0.062124662	0.3896878	-0.0043936926	-0.4528374	0.4863981	0.41636193	0.015807843	-0.5069269	0.09824192	0.056765843	-0.2667204	0.54936165	0.5825953	-0.09120415
0.13718453	0.5817603	0.05266596	-0.34777254	-0.13215353	-0.013974916	0.16973515	0.40454614	-0.081284404	-0.33820763	-0.16997674	-0.164519	0.6948748	-0.4171596	-0.05907761	0.14276576	0.014376002	0.44279984	-0.0036207063	-0.37346196	0.56306887	0.48865095	-0.007131139	-0.60784936	0.16645795	0.06691708	-0.31956303	0.5621793	0.64215815	-0.120243
0.2195659	0.63795614	0.07573183	-0.29623297	-0.21950795	-0.10827027	0.25219426	0.37839222	-0.0039228555	-0.39871734	-0.08668036	-0.13616613	0.6808299	-0.36372638	-0.06134056	0.12613893	0.061641343	0.4477682	0.043465544	-0.52496165	0.51035255	0.40849715	-0.038356792	-0.5607704	0.04498735	0.063158154	-0.29484433	0.6209426	0.6435213	-0.10567873
0.17836325	0.48356438	0.118778124	-0.28751794	-0.083944246	-0.08655907	0.19548632	0.36754376	0.0034993012	-0.32968378	-0.18283595	-0.20598495	0.62896025	-0.35194442	-0.07581354	0.11393185	0.056029852	0.39795431	0.04542271	-0.37857616	0.49166283	0.4259377	0.015785938	-0.47906557	0.0928462	0.010203058	-0.29835498	0.4860427	0.59104866	-0.003119568
0.13963704	0.45041823	0.078386396	-0.27760884	-0.06820052	-0.06655938	0.17575394	0.34563285	-0.024079245	-0.32559276	-0.17872466	-0.20259234	0.6033931	-0.3521504	-0.056214314	0.112103805	0.045154013	0.3704458	0.032276776	-0.39153558	0.46202043	0.40437523	0.044297412	-0.4831927	0.09367244	0.022625508	-0.25848302	0.48107252	0.55292493	-0.014592814
0.10548086	0.47429603	0.0919593	-0.32614997	-0.06820127	-0.08394682	0.22799836	0.3791255	0.0023920082	-0.32704365	-0.17140436	-0.1794885	0.6283399	-0.3826955	-0.053967427	0.107148744	0.076380566	0.36239535	0.01694932	-0.3754298	0.48779777	0.44798404	0.027044186	-0.5200049	0.12925713	0.028823297	-0.27691516	0.51089203	0.6135756	-0.049944814
0.16228154	0.48810732	0.08923456	-0.30485454	-0.08384479	-0.05248608	0.16421837	0.3741756	-0.02121442	-0.35711586	-0.16326718	-0.17678131	0.6540871	-0.35238716	-0.10619235	0.103743866	0.0456178	0.38337925	0.04931306	-0.40277788	0.5082004	0.41229856	0.025434906	-0.52706057	0.12710817	0.033627026	-0.25350446	0.50958127	0.60958004	-0.01216295
0.18845509	0.5275076	0.10141561	-0.31058422	-0.07673256	-0.08565065	0.16690892	0.39336666	0.014512414	-0.32738096	-0.19174877	-0.17446777	0.65835136	-0.36338487	-0.0934314	0.110735625	0.08307157	0.37723485	0.035208054	-0.4329808	0.5092259	0.4490499	0.058536895	-0.53676957	0.0839287	0.011638047	-0.25302637	0.50140035	0.63564694	-0.03647543
0.16999044	0.53077054	0.09753074	-0.29492113	-0.1350438	-0.07071244	0.17420821	0.3526931	0.0036591098	-0.3014229	-0.13283832	-0.16121264	0.588367	-0.36549276	-0.050760504	0.11800854	0.07436343	0.38057005	0.038758192	-0.42234662	0.5046193	0.4176423	0.00072758785	-0.4889052	0.08060387	0.024260297	-0.29874694	0.53730536	0.5699473	-0.051990643
0.15858848	0.5206926	0.09139301	-0.29514167	-0.11451663	-0.047759794	0.16763528	0.36835107	-0.025245594	-0.3172568	-0.13463062	-0.17696571	0.6225458	-0.37187243	-0.0916204	0.12234654	0.069518924	0.36867273	0.010281964	-0.4068503	0.4819911	0.40961564	0.031997953	-0.49695677	0.08500302	0.03705683	-0.27201754	0.51354456	0.6029243	-0.03575623
0.1520139	0.49424443	0.08852963	-0.28551212	-0.097295195	-0.04536242	0.17899388	0.35247707	0.0032095553	-0.3502734	-0.16789852	-0.1695906	0.61422896	-0.3486673	-0.08329557	0.12607235	0.05574412	0.37282747	0.009255851	-0.38810807	0.4930959	0.4282092	0.021506652	-0.4985045	0.0939392	0.027593667	-0.28986132	0.49703738	0.5971261	-0.04282407
0.15562986	0.4812733	0.109286025	-0.30488184	-0.06610087	-0.0635492	0.14359412	0.31179863	0.006572853	-0.31346732	-0.18384086	-0.16574712	0.6378553	-0.37624335	-0.07941237	0.12222193	0.04676891	0.36824378	0.015712878	-0.40546104	0.4847553	0.40965706	0.03391064	-0.48125663	0.122575924	0.014398692	-0.25216872	0.45838287	0.55759996	-0.049705565
0.15663663	0.47061428	0.074884914	-0.29700938	-0.07736379	-0.080121785	0.1697813	0.36642438	0.012991799	-0.3417902	-0.15370564	-0.19266872	0.60282934	-0.35566652	-0.06375404	0.117048725	0.051641304	0.3493926	0.035007004	-0.36464378	0.47226137	0.4410623	0.011991801	-0.48979893	0.09606036	0.01254719	-0.26446784	0.48817295	0.56746364	-0.032616176
0.19459453	0.49680832	0.09991801	-0.2855481	-0.037364773	-0.07086757	0.18138516	0.3800036	-0.018666444	-0.35275775	-0.15785399	-0.22052841	0.6668842	-0.35006148	-0.079703934	0.123551846	0.073845565	0.38919693	0.04679831	-0.39493343	0.48081747	0.42223677	0.06198934	-0.47467715	0.06978324	0.032463875	-0.29268956	0.49903315	0.5824147	0.009193574
0.17535159	0.4586082	0.07590965	-0.30559883	-0.08846843	-0.07849548	0.16613385	0.33871058	-0.016771542	-0.32043478	-0.15656759	-0.19429669	0.6041519	-0.3515874	-0.09037871	0.124049544	0.043850824	0.36013934	0.042790838	-0.40135464	0.49314132	0.3999915	0.042176336	-0.48738483	0.09761057	0.009231747	-0.25397506	0.47644007	0.57394886	-0.022340802
0.16475046	0.43872115	0.10131206	-0.28724724	-0.06799883	-0.061301857	0.17428067	0.33384156	-0.001200893	-0.31353694	-0.13875952	-0.17779371	0.5722197	-0.33672568	-0.10010617	0.099120215	0.058326878	0.36592725	0.02505967	-0.35809547	0.47373512	0.37889332	0.04429637	-0.46236312	0.10472548	0.0058468003	-0.2728952	0.44155705	0.56475365	-0.01305163
0.14349274	0.44589806	0.078948334	-0.27925503	-0.08611477	-0.0416477	0.17044155	0.3488345	0.005126998	-0.31861195	-0.17252256	-0.18097538	0.61758435	-0.3482471	-0.09655693	0.123350725	0.04422536	0.34438425	0.019655135	-0.38340852	0.45532742	0.41596025	0.026472015	-0.48222265	0.088721775	0.03480099	-0.2606627	0.47880098	0.5575618	-0.022514885
0.15394662	0.50152296	0.108718276	-0.30570462	-0.07692592	-0.05607712	0.1710702	0.33474794	-0.020384124	-0.33514878	-0.15423092	-0.19586255	0.60908043	-0.35434943	-0.09407382	0.12627938	0.047724124	0.39536417	0.03330607	-0.38775894	0.48818722	0.42989632	0.03767324	-0.5013641	0.09571732	0.030491164	-0.28695673	0.4989195	0.5898556	-0.046626665
0.17192812	0.47658816	0.10071968	-0.28955355	-0.05649696	-0.07169497	0.18000074	0.34040785	0.00166924	-0.32905704	-0.18971081	-0.20294704	0.6494853	-0.36852702	-0.11086419	0.13092485	0.05857219	0.38283888	0.023623167	-0.40577462	0.4800038	0.42415336	0.019833228	-0.509239	0.08888817	0.042565376	-0.2632597	0.49584877	0.5934896	-0.026714621
0.17664188	0.5020145	0.08707386	-0.3158851	-0.08364536	-0.0629808	0.1860641	0.33459267	-0.00014550738	-0.32179633	-0.16685504	-0.19845738	0.6331464	-0.34999678	-0.09202643	0.10704966	0.05356282	0.37666416	0.020046491	-0.3850483	0.5086486	0.4188618	0.034276962	-0.5156007	0.08860075	0.017661385	-0.277737	0.4836744	0.6023393	-0.010760101
0.15777127	0.5201655	0.089747414	-0.28565708	-0.10575893	-0.05609556	0.18723638	0.35241956	0.002790225	-0.31431806	-0.12926951	-0.17421104	0.6079328	-0.3797059	-0.08021164	0.1193534	0.07666447	0.37407112	0.033942655	-0.42251763	0.4987554	0.4315193	0.02024026	-0.49076208	0.08000544	0.035308864	-0.29320043	0.4980918	0.59466124	-0.051001605
0.14355993	0.44987923	0.09350837	-0.2693101	-0.07842721	-0.03731404	0.16875012	0.32467648	0.0013298567	-0.30409312	-0.14558898	-0.16155782	0.5650607	-0.31865466	-0.09153091	0.109752096	0.05012279	0.33221188	0.024659747	-0.35631728	0.4381492	0.39411908	0.03592126	-0.4647835	0.09946694	0.023718098	-0.2563687	0.42028797	0.5376584	-0.01949316
0.1561149	0.5102497	0.09274751	-0.30670354	-0.120536275	-0.053885855	0.16329013	0.375835	-0.0100690285	-0.33186367	-0.15358342	-0.1946893	0.61737156	-0.39808086	-0.074026234	0.16707397	0.06320354	0.38674372	0.025914852	-0.39161083	0.5184352	0.4483443	0.037479285	-0.498137	0.076575145	0.033765826	-0.26832432	0.5131763	0.57985216	-0.032653827
0.14996557	0.49324256	0.12257917	-0.29235685	-0.08928214	-0.059822038	0.17412882	0.36353412	-0.002350925	-0.34819508	-0.17422192	-0.20007072	0.63410866	-0.36483184	-0.11701205	0.1436312	0.05818892	0.3759333	0.038274456	-0.38118201	0.48887968	0.43152747	0.053847603	-0.5037949	0.11373256	0.03170617	-0.30266285	0.49226713	0.5891844	-0.01623441
0.2457637	0.6450209	0.102657884	-0.30596906	-0.15542454	-0.03161278	0.19248673	0.40301618	0.02281252	-0.4553606	-0.117012635	-0.20889945	0.67632127	-0.399238	-0.11623715	0.15137064	0.011259398	0.4916719	0.10735302	-0.5325588	0.5599943	0.43498692	0.00075687515	-0.56111807	0.08523253	-0.011852309	-0.27696472	0.5471859	0.67285365	-0.0057708574
0.16457896	0.4983178	0.07590362	-0.28600618	-0.07440306	-0.052650116	0.169029	0.36564103	-0.01467409	-0.3471869	-0.1639257	-0.17868778	0.6163193	-0.35336372	-0.06674359	0.123823166	0.056103297	0.37270963	0.015637277	-0.4044384	0.50379145	0.42837766	0.033056684	-0.51064014	0.10989551	0.025854941	-0.26881	0.4742944	0.5970564	-0.032513797
0.18152362	0.47278637	0.087047406	-0.30135044	-0.09631837	-0.070862986	0.17434283	0.33057445	-0.010033208	-0.31264037	-0.17924301	-0.17334999	0.64215666	-0.36637503	-0.10307303	0.1369023	0.063679144	0.38413802	0.023002293	-0.4011809	0.51378685	0.4362767	0.05815148	-0.5162945	0.11021146	0.026125293	-0.2760985	0.48771694	0.61053073	-0.011195383
0.15208238	0.45125613	0.095815316	-0.290052	-0.08601061	-0.037633017	0.1586753	0.33309168	-0.0065984265	-0.31774798	-0.15206194	-0.15763189	0.5812283	-0.34768033	-0.10157858	0.09870933	0.0379673	0.35053182	0.03554339	-0.36927322	0.47641757	0.39697284	0.039640345	-0.4743917	0.07943143	0.019887688	-0.28110975	0.47315088	0.5522342	-0.014517964
0.15379195	0.5984395	0.08587932	-0.30143845	-0.16754682	-0.07920787	0.18128367	0.3661185	-0.039017037	-0.3201119	-0.1491862	-0.17700352	0.59331274	-0.34576148	-0.0589126	0.15258776	0.09379195	0.44893286	0.0001545256	-0.43831027	0.5364524	0.42730916	0.022211697	-0.5000203	0.09599787	0.025638057	-0.301844	0.5702725	0.60373205	-0.08060413
0.1543293	0.4770826	0.073958084	-0.3044673	-0.095150076	-0.031408742	0.15608174	0.34890687	0.013678505	-0.30336538	-0.12411782	-0.18379214	0.58762234	-0.38214836	-0.09149657	0.12618159	0.023015587	0.37656927	0.039897986	-0.38501137	0.50241446	0.42377213	0.028917415	-0.47448587	0.11944432	0.04423097	-0.30336544	0.5094102	0.57034546	-0.04432912
0.14911616	0.4546515	0.0867388	-0.27617347	-0.09526096	-0.06986659	0.18183145	0.35373712	-0.023102641	-0.3235357	-0.14597319	-0.19185007	0.5799944	-0.3587996	-0.07386617	0.082736984	0.06864848	0.35686985	0.03847349	-0.35492817	0.466019	0.41287705	-0.0026848894	-0.48700228	0.10222111	0.023001995	-0.25288692	0.47314793	0.546363	-0.034362447
0.19524285	0.5105809	0.11125571	-0.3026478	-0.11722785	-0.07070087	0.17689016	0.35392308	-0.03260345	-0.3670472	-0.17114297	-0.186188	0.6679076	-0.42110842	-0.09836459	0.12375735	0.07370605	0.42983603	0.010142028	-0.43983018	0.56228733	0.44093156	0.040851977	-0.54875284	0.08002097	0.027620656	-0.31106704	0.55719435	0.62263954	-0.053471852
0.1414719	0.44752723	0.10567206	-0.27814052	-0.09502987	-0.05879786	0.1737001	0.32655865	-0.021844445	-0.29519948	-0.12968697	-0.19326073	0.5884353	-0.33784318	-0.0697078	0.10467019	0.05295294	0.35671532	0.0091601135	-0.38398686	0.46509954	0.40525255	0.042330094	-0.48351327	0.10724939	0.019436883	-0.24698417	0.47315398	0.5581846	-0.0074767107
0.1714572	0.43644184	0.0741996	-0.28555015	-0.08447343	-0.05781168	0.17416048	0.33664903	-0.018009579	-0.3075995	-0.16809286	-0.16845763	0.60615075	-0.3440472	-0.09334003	0.11261819	0.05546198	0.3537855	0.047692806	-0.354665	0.47156093	0.407872	0.035724353	-0.47483543	0.11200098	0.015641974	-0.2459695	0.46075302	0.566963	-0.022567227
0.14676277	0.5399813	0.06589182	-0.3054024	-0.15800631	-0.06125815	0.18415022	0.35768598	-0.006074973	-0.32915935	-0.10919343	-0.14687556	0.6440145	-0.3790202	-0.065742336	0.13436235	0.027109226	0.3939993	0.03861501	-0.4323218	0.51154083	0.42761853	0.0029715234	-0.5358085	0.12229961	0.005101342	-0.31081203	0.52390635	0.58444124	-0.07247038
0.18390512	0.47084686	0.1063144	-0.28534383	-0.07565224	-0.061697174	0.19019799	0.33743915	0.00668679	-0.34147412	-0.14040942	-0.20814887	0.61859286	-0.3640924	-0.08132423	0.1204438	0.045136936	0.3694237	0.015101812	-0.41365936	0.48140064	0.41295865	0.056982018	-0.52034146	0.108779736	0.013628664	-0.27657306	0.49209118	0.5930866	-0.024096845
0.172508	0.46540198	0.10323314	-0.30003604	-0.068731986	-0.05820331	0.17780909	0.3153768	-0.012589103	-0.3065197	-0.17030802	-0.18962793	0.6340132	-0.3734539	-0.07255046	0.13507794	0.040407687	0.36033484	0.028897705	-0.39080036	0.4979178	0.40752843	0.023036838	-0.49745893	0.082938254	0.034763444	-0.2606291	0.47181267	0.5583883	-0.028735595
0.1647952	0.46859458	0.08218719	-0.26559088	-0.08518865	-0.049732022	0.16731673	0.3181994	0.009972701	-0.29016054	-0.17077678	-0.17023267	0.57631344	-0.3666587	-0.07436507	0.12080161	0.053369917	0.36494336	0.023639558	-0.3734757	0.48425174	0.38452926	0.027105503	-0.4673349	0.09136615	0.014259533	-0.25202793	0.50793684	0.5624541	-0.040638622
0.1587613	0.44064644	0.07824216	-0.2775629	-0.081170805	-0.045698315	0.15007876	0.31295925	-0.007997481	-0.31965107	-0.15146573	-0.14945045	0.6167914	-0.3712562	-0.079289794	0.11281858	0.07707971	0.35898307	0.037139077	-0.36608797	0.47247842	0.4191531	0.005060978	-0.48639026	0.085818395	0.008183603	-0.2907965	0.47553125	0.5406434	-0.005595156
