-0.41769588	0.40990388	0.2173229	0.013777015	-0.35361958	0.4743127	-0.33578107	-0.077092536	-0.09917389	-0.046333153	-0.05317407	-0.51542103	0.4139776	0.071185045	-0.4735031	0.13459338	-0.26663733	-0.15027785	-0.2162053	0.22277638	-0.00979943	0.096596174	0.04605172	-0.90317094	0.13343383	-1.1492779	-0.508332	-0.5474237	0.1278304	0.013904044
-0.43893987	0.41934702	0.22799182	-0.016118318	-0.3670893	0.4641188	-0.34318364	-0.10491883	-0.09307073	-0.05733735	-0.051734786	-0.5513307	0.44145444	0.07689069	-0.49439448	0.1119803	-0.26117614	-0.12917076	-0.22464463	0.26019156	-0.010862562	0.09084422	0.04576431	-0.9399873	0.10652485	-1.1654311	-0.50769776	-0.57099766	0.1449801	0.000110205445
-0.41309115	0.37090424	0.22192457	-0.0029916721	-0.3273869	0.45466512	-0.33416483	-0.100222185	-0.09673555	-0.031187372	-0.042557783	-0.5232385	0.38578793	0.03940029	-0.45628834	0.1222484	-0.28090608	-0.1472826	-0.17921776	0.22243072	-0.0058311736	0.07474894	0.025371922	-0.88725793	0.13031235	-1.1189889	-0.48173803	-0.55384505	0.14269097	-0.0039806874
-0.3604922	0.3187653	0.1849746	0.015101449	-0.28778875	0.40412533	-0.28538775	-0.08653057	-0.07725433	-0.04436488	-0.02685554	-0.4251458	0.34339786	0.0637922	-0.40894863	0.093115844	-0.2145267	-0.112152554	-0.18532822	0.19614162	-0.013932296	0.0764747	0.02216128	-0.75154334	0.1115953	-0.9601232	-0.42578438	-0.47117504	0.1275631	-0.015421693
-0.4157447	0.3890566	0.22548215	0.00016563389	-0.32419762	0.4513988	-0.3029805	-0.06973623	-0.088848226	-0.04465306	-0.061786156	-0.4911057	0.4120518	0.058680907	-0.43333974	0.12387644	-0.2587843	-0.11637974	-0.21332817	0.24248916	-0.00953672	0.10662727	0.035591874	-0.8537426	0.111217804	-1.096115	-0.49111018	-0.52098095	0.14477777	-0.015557848
-0.26781687	0.24922618	0.12681577	-0.0044856695	-0.22332238	0.28829768	-0.21181278	-0.067634515	-0.07144534	-0.03470956	-0.030097924	-0.3494252	0.2540994	0.027874509	-0.3058741	0.08573928	-0.16777554	-0.10246383	-0.13248558	0.17148699	-0.028338559	0.06441847	0.02392447	-0.58193976	0.07089198	-0.7355854	-0.32085443	-0.37318018	0.07740734	-0.008891535
-0.28892466	0.2877616	0.16516049	-0.014809751	-0.24192898	0.34524372	-0.22902474	-0.052249037	-0.0634048	-0.028348938	-0.020051526	-0.3559551	0.30274785	0.04830659	-0.3197787	0.07683991	-0.20023187	-0.10585447	-0.13056503	0.15497126	-0.00088237046	0.05377373	0.019710632	-0.6469832	0.081873305	-0.8141465	-0.3683898	-0.3987623	0.0951001	-0.008861711
-0.34851825	0.3418152	0.1808877	-0.0024893796	-0.31550428	0.40678826	-0.28838825	-0.08333702	-0.06593583	-0.026699059	-0.039658632	-0.44895598	0.36347216	0.050097376	-0.39645764	0.10421303	-0.23137255	-0.11936089	-0.17952085	0.22044104	-0.027571892	0.08354857	0.029348023	-0.7766956	0.11078713	-0.985219	-0.43168953	-0.49147415	0.105396956	-0.0002463169
-0.30653924	0.2687069	0.16115783	-0.006441519	-0.2686711	0.31904396	-0.2329296	-0.046798322	-0.07648698	-0.03078903	-0.03703727	-0.3707424	0.2927779	0.05855941	-0.31872416	0.09449297	-0.20332775	-0.10945752	-0.1616872	0.16978976	-0.022864494	0.052751753	0.03465176	-0.64060503	0.07218267	-0.8000998	-0.3713114	-0.39008427	0.08781944	-0.017245416
-0.30342963	0.2902957	0.16027509	0.003971648	-0.26762593	0.35945737	-0.2559635	-0.07419963	-0.05589643	-0.025748672	-0.037685394	-0.40031222	0.29725125	0.04685725	-0.35660243	0.08150236	-0.19932397	-0.08499806	-0.15211707	0.16172698	-0.024387242	0.053219337	0.04626094	-0.65828645	0.07682402	-0.8470352	-0.3508684	-0.41279647	0.10784008	0.0058122035
-0.34817344	0.32851967	0.20044082	0.010779986	-0.30450615	0.38575155	-0.2895398	-0.0813747	-0.09018783	-0.036737397	-0.04925601	-0.4587499	0.3724389	0.06487559	-0.39518023	0.11639563	-0.2180425	-0.12891367	-0.17103888	0.20101556	-0.032439265	0.081943065	0.042965245	-0.75845194	0.111981384	-0.9862193	-0.41374364	-0.48930302	0.102781236	0.0102257095
-0.33322027	0.29902026	0.16826099	-0.0060926783	-0.26529852	0.34596854	-0.2606007	-0.07898409	-0.055498086	-0.032881226	-0.037664652	-0.40046552	0.3316114	0.050627396	-0.37391844	0.084469	-0.21007633	-0.08673288	-0.14186983	0.18869603	-0.02558266	0.0778301	0.01621989	-0.6914544	0.100030184	-0.8560428	-0.37937936	-0.4294014	0.087271206	-0.014441742
-0.31207743	0.3046042	0.18011487	0.004775724	-0.27533683	0.36074945	-0.26986867	-0.06881243	-0.07320642	-0.037806313	-0.05785144	-0.40723243	0.29585785	0.025122419	-0.3354321	0.09286101	-0.22016588	-0.09591748	-0.13304655	0.16874576	0.0033645767	0.07624048	0.043131873	-0.6856649	0.07808424	-0.8691767	-0.3874051	-0.42355612	0.095967144	-0.003088882
-0.365828	0.31978363	0.1849838	-0.0014277163	-0.2959887	0.38892853	-0.27325448	-0.07750731	-0.08302031	-0.030325936	-0.052217882	-0.44208378	0.35648927	0.056455135	-0.40483326	0.115543336	-0.22803776	-0.09877907	-0.16193096	0.19276084	-0.022147166	0.074237324	0.050164822	-0.74930656	0.09030101	-0.9415773	-0.41340786	-0.46724278	0.12920512	-0.010189268
-0.34035832	0.31258467	0.15954493	-0.010018993	-0.28504136	0.35808924	-0.24998689	-0.07100039	-0.060813673	-0.03211688	-0.049081367	-0.4187622	0.32586414	0.047668256	-0.38093072	0.09133403	-0.21386607	-0.113314964	-0.17211527	0.185425	-0.016613727	0.067622654	0.045596182	-0.7147278	0.08038028	-0.89175504	-0.38282165	-0.41985816	0.10585724	-0.017951164
-0.29400352	0.2688036	0.14067723	0.0012217456	-0.26809853	0.34632933	-0.23459946	-0.07615421	-0.060002536	-0.031921502	-0.052586168	-0.3757939	0.3098088	0.045020677	-0.34254655	0.07493385	-0.19867013	-0.11018543	-0.15082665	0.16515408	-0.028639454	0.068374924	0.043082304	-0.65080976	0.08430825	-0.8071885	-0.37059352	-0.4057567	0.10812345	-0.0073246523
-0.33422324	0.3377055	0.189555	0.008690762	-0.29319915	0.3833827	-0.27453768	-0.08579823	-0.06736122	-0.03064563	-0.050268114	-0.4371152	0.34650815	0.042848047	-0.39567205	0.11648377	-0.23350328	-0.1099415	-0.1646345	0.20226842	-0.007771066	0.06903577	0.027942773	-0.73835415	0.08469627	-0.9505607	-0.41837165	-0.47115836	0.1280182	-0.015335407
-0.35169435	0.34353286	0.1973192	0.010274413	-0.29642883	0.40214562	-0.28632477	-0.08855482	-0.065015145	-0.025555022	-0.04493506	-0.45308578	0.34117436	0.0429829	-0.4085767	0.11049094	-0.24600782	-0.12218841	-0.17997462	0.2114508	-0.0121550225	0.085519545	0.032216527	-0.7597709	0.091797724	-0.97431785	-0.4307447	-0.4627029	0.111906946	-0.01689761
-0.2844127	0.25170308	0.13551502	-0.01595804	-0.2179431	0.30923265	-0.21832782	-0.0550127	-0.057965778	-0.012313096	-0.045769516	-0.34733427	0.2758993	0.048609294	-0.2865273	0.07640521	-0.18705979	-0.09629098	-0.146842	0.13849959	-0.0013142531	0.07507171	0.010241292	-0.57528985	0.06875705	-0.72406036	-0.33276513	-0.36255506	0.07612086	-0.013702126
-0.42193043	0.37621236	0.22728258	0.0073859324	-0.3601168	0.4516453	-0.34128195	-0.08950443	-0.099185504	-0.048909713	-0.04609373	-0.52150774	0.41961363	0.06584578	-0.45913225	0.12704259	-0.27111802	-0.13727486	-0.19589692	0.22090277	-0.0040297364	0.08745632	0.035353504	-0.88697225	0.121417	-1.0958184	-0.49518296	-0.55174696	0.13066499	-0.01901995
-0.333071	0.31647637	0.17123419	-0.0062105064	-0.25720802	0.37139687	-0.25268227	-0.06293547	-0.07767202	-0.018577	-0.03675705	-0.4130363	0.32575303	0.052988917	-0.34100258	0.10691733	-0.22342063	-0.08818944	-0.15434594	0.19670321	-0.023508497	0.08209603	0.019838834	-0.68934447	0.100389905	-0.88597953	-0.3670183	-0.41274458	0.0884155	0.0021808574
-0.298781	0.30065075	0.17192143	-0.002029023	-0.27327377	0.34522212	-0.23060517	-0.0809216	-0.06752286	-0.028022064	-0.02791731	-0.38324913	0.31782773	0.028174525	-0.3481295	0.09348828	-0.20503253	-0.10528154	-0.15061066	0.18780512	-0.0039447523	0.057890415	0.03813025	-0.6608375	0.08540761	-0.8250348	-0.3682543	-0.39854962	0.08415951	0.014751539
-0.19791652	0.18589705	0.090482436	0.013255485	-0.17859556	0.2039997	-0.15013203	-0.03391172	-0.036603507	-0.01407352	-0.007858605	-0.25356898	0.21100025	0.044322476	-0.22234546	0.052649893	-0.13764362	-0.05776094	-0.08192083	0.10251188	0.007324977	0.055375453	0.036611468	-0.43528098	0.055033755	-0.5514847	-0.2492172	-0.2650789	0.048031487	0.010854176
-0.2796167	0.26821217	0.13318716	0.011500896	-0.22825073	0.3194305	-0.230177	-0.048744287	-0.06436412	-0.0289481	-0.030904109	-0.3398359	0.27263266	0.054110542	-0.30562684	0.09779865	-0.17599995	-0.088610075	-0.12365967	0.1655528	-0.004456336	0.075930685	0.024055377	-0.6030953	0.094254434	-0.78064543	-0.352695	-0.379386	0.10286654	0.003412375
-0.3598433	0.33778128	0.17779374	-0.0040987176	-0.27948835	0.39310318	-0.28083962	-0.08619337	-0.08936512	-0.026760805	-0.036477473	-0.44143066	0.33786038	0.038388535	-0.38405192	0.11675644	-0.22047043	-0.12576827	-0.17214426	0.21141228	-0.014265965	0.081317976	0.04931814	-0.73639107	0.104812585	-0.93871385	-0.39948207	-0.45724624	0.09883854	-0.0030389144
-0.25665918	0.21662855	0.12499544	-0.0006921002	-0.19396639	0.2708986	-0.20494398	-0.064175285	-0.05371593	-0.01962261	-0.01817824	-0.29156417	0.24335101	0.029791607	-0.25688025	0.06082664	-0.17037342	-0.07663849	-0.10884259	0.14406003	-0.013277196	0.059786428	0.02541652	-0.5361362	0.06401791	-0.6728153	-0.30060902	-0.3134555	0.09273709	-0.011464911
-0.25208873	0.23559596	0.15351674	-0.0044525727	-0.2323422	0.30613688	-0.20393912	-0.046708144	-0.06515268	-0.014896837	-0.036147658	-0.34428295	0.27355447	0.048059095	-0.2820149	0.078228734	-0.17154689	-0.08655655	-0.13586825	0.13772126	-0.021483034	0.066874325	0.033732552	-0.5817663	0.070100956	-0.72511977	-0.30058157	-0.341182	0.09958538	0.014399683
-0.38475773	0.33895597	0.18031661	0.011023373	-0.31073534	0.40742105	-0.30693236	-0.06310037	-0.08215916	-0.04786193	-0.05034348	-0.47429648	0.35228005	0.038511936	-0.42284304	0.09115153	-0.2319361	-0.119819954	-0.19570483	0.22097331	-0.030454876	0.0875455	0.043772068	-0.78663814	0.12249093	-1.0003304	-0.4335532	-0.47508353	0.11680239	0.002820255
-0.3118684	0.26748493	0.16246815	-0.0054921834	-0.24449673	0.3271607	-0.22106335	-0.07627252	-0.06292617	-0.02703043	-0.031565342	-0.36086422	0.3038675	0.033045493	-0.3422731	0.07919958	-0.20153742	-0.08955429	-0.13949062	0.17315966	-0.0015707305	0.07864424	0.024626711	-0.6469389	0.07642396	-0.80467284	-0.33704218	-0.38801616	0.09885101	-0.016982552
-0.28628856	0.2802332	0.16240835	-0.012699109	-0.2538771	0.31349835	-0.23842487	-0.07059005	-0.077478535	-0.020360025	-0.034120873	-0.3646321	0.27123436	0.043299522	-0.3211374	0.09340209	-0.17623988	-0.07869051	-0.13485315	0.16989012	-0.009812649	0.071024485	0.03639144	-0.6043878	0.07906244	-0.75766003	-0.34263334	-0.38966238	0.08493137	0.013820728
-0.27744272	0.24859518	0.15497887	0.008876017	-0.23133604	0.28373155	-0.19935478	-0.0727735	-0.052150495	-0.009532228	-0.046933245	-0.3216319	0.25135946	0.029242672	-0.31079936	0.07100031	-0.18326464	-0.072446644	-0.13217698	0.15263663	0.0028851798	0.05832953	0.023208525	-0.5732615	0.06555577	-0.74470705	-0.32903448	-0.36693826	0.09345738	0.010053404
-0.23221134	0.2052584	0.11857287	0.014275938	-0.20178722	0.25134087	-0.18670104	-0.04046175	-0.060147107	-0.03627297	-0.031176196	-0.2680524	0.22643854	0.036584362	-0.24482012	0.06640975	-0.15876	-0.061306816	-0.09722342	0.12496911	-0.026461864	0.048933525	0.011581724	-0.47538137	0.050746113	-0.60013235	-0.2778168	-0.29802614	0.076336846	0.0117061725
-0.30021936	0.25526226	0.15057209	0.011181528	-0.23100992	0.31369862	-0.2140445	-0.04733709	-0.057265498	-0.016264161	-0.021976804	-0.34652522	0.2924594	0.04042226	-0.3062449	0.069419414	-0.18078646	-0.08883862	-0.15497203	0.16087703	-0.011433685	0.07467443	0.023289466	-0.602086	0.09458335	-0.74695414	-0.32555413	-0.38085088	0.09109587	0.0065610614
-0.22199455	0.19385779	0.10226961	-0.014132632	-0.17505583	0.24992996	-0.17651993	-0.046916034	-0.038024813	-0.0048004286	-0.04060111	-0.2782354	0.21832655	0.017964372	-0.25151348	0.065056205	-0.14733557	-0.085726485	-0.11553464	0.11166575	-0.009322539	0.058102053	0.012944945	-0.46429262	0.06934226	-0.5825145	-0.26300013	-0.2740325	0.084004335	-0.017106816
-0.2904363	0.2812722	0.16084026	-0.014483653	-0.25033924	0.34863338	-0.23882979	-0.06574335	-0.061152376	-0.02888362	-0.03005284	-0.3686698	0.3031796	0.044116896	-0.35049394	0.09514146	-0.20544901	-0.105797455	-0.14320838	0.18673043	-0.019817708	0.05710382	0.027887873	-0.64582974	0.07541568	-0.8294663	-0.35584044	-0.3925318	0.112604626	-0.015576394
-0.21309185	0.19943766	0.11591723	-0.0046133804	-0.1765779	0.22971675	-0.1814526	-0.037011873	-0.052755527	-0.027131362	-0.01835701	-0.29163995	0.23428385	0.041385356	-0.25036448	0.079277016	-0.12821631	-0.06624864	-0.11276976	0.13891722	-0.022915687	0.045583677	0.032643653	-0.48333701	0.05718618	-0.584519	-0.27583152	-0.28018895	0.07428093	-0.0041773594
-0.37657484	0.32648876	0.17908451	0.0032106664	-0.31690493	0.3845809	-0.292642	-0.08603669	-0.067369506	-0.032443404	-0.03780021	-0.45765522	0.3569625	0.041399628	-0.3957268	0.11314626	-0.21935344	-0.10962828	-0.18365012	0.2152023	-0.006955389	0.07255049	0.049180847	-0.7615249	0.09581395	-0.99009526	-0.42394722	-0.45974597	0.10074945	-0.008321906
-0.24920726	0.22114791	0.13205145	0.013342972	-0.19746493	0.2827358	-0.19756259	-0.054293938	-0.054019686	-0.0083632	-0.029433593	-0.29955336	0.24728607	0.047227453	-0.26984185	0.07577623	-0.14701176	-0.07603284	-0.13319032	0.15469155	-0.016985679	0.042643342	0.03487989	-0.51927435	0.06518622	-0.6665592	-0.2813947	-0.31014347	0.07856953	-0.0028611228
-0.23649555	0.22767596	0.12232011	-0.013468963	-0.20312987	0.24678974	-0.18066293	-0.053773105	-0.060549267	-0.00929861	-0.031610146	-0.3035387	0.21977702	0.044717345	-0.27412367	0.06917518	-0.16936946	-0.078197844	-0.106090665	0.13135254	-0.02139059	0.06786859	0.040721357	-0.51520973	0.080100745	-0.6546656	-0.27503383	-0.31135306	0.060124546	-0.0032869354
-0.28418684	0.25477633	0.15604164	-0.016507711	-0.23050952	0.295914	-0.21511139	-0.06781521	-0.061519157	-0.02088565	-0.020707116	-0.33070982	0.25591564	0.037992124	-0.2969562	0.06298408	-0.1911608	-0.08605431	-0.14673567	0.1415476	-0.019084271	0.049022004	0.026950087	-0.5942509	0.06156965	-0.72759134	-0.33858186	-0.36676955	0.07896899	-0.0021299387
-0.26536343	0.26489222	0.15370445	-0.014305704	-0.23220015	0.31256458	-0.2097687	-0.058538236	-0.05541054	-0.027275734	-0.019271504	-0.3252541	0.28232646	0.030791562	-0.30864304	0.067601584	-0.15811688	-0.09323018	-0.13605407	0.16981272	-0.016685113	0.05151849	0.01948044	-0.5792104	0.08226303	-0.7328529	-0.3306716	-0.34689772	0.08854771	0.004550744
-0.25803867	0.23721318	0.14499635	0.00063683686	-0.21799023	0.26042563	-0.19440669	-0.06495099	-0.059239727	-0.039920945	-0.041031525	-0.30838692	0.23493828	0.01853613	-0.28985894	0.071828336	-0.15916632	-0.07628714	-0.10508073	0.12461658	-0.008700162	0.066477515	0.032643057	-0.51322466	0.072076514	-0.6812632	-0.30890748	-0.33339193	0.07744713	-0.013840988
-0.22402081	0.20965362	0.119072504	-0.012543091	-0.21550328	0.27461982	-0.17984556	-0.040229756	-0.06264609	-0.032673277	-0.027164083	-0.29528683	0.22259292	0.044605818	-0.28011724	0.058567006	-0.16190161	-0.076862596	-0.12478491	0.119568884	-0.028038353	0.04527137	0.006492092	-0.50098854	0.05930799	-0.6353662	-0.2803915	-0.32526127	0.0738246	0.0058540083
-0.279801	0.25782564	0.13685055	-0.0097160805	-0.22842443	0.3027813	-0.2228562	-0.072826415	-0.06437371	-0.027562011	-0.021334799	-0.32814157	0.27417842	0.039135125	-0.29782128	0.094411045	-0.1725594	-0.08757788	-0.1307104	0.14705935	-0.025123706	0.0526738	0.043202136	-0.58913	0.077618435	-0.72381425	-0.3408398	-0.35801852	0.07321499	0.012435419
-0.24907023	0.22334658	0.12458543	0.0047825132	-0.20004246	0.2584431	-0.19851704	-0.06266235	-0.059629917	-0.0261999	-0.03449821	-0.30983204	0.22278711	0.026650252	-0.2557332	0.059631962	-0.14409047	-0.06704087	-0.11277138	0.124184564	-0.026446192	0.06410392	0.023541827	-0.53003764	0.08116094	-0.66144913	-0.30072796	-0.3273024	0.08322636	0.010191034
-0.21129693	0.1776643	0.11631838	-0.012948154	-0.17625569	0.23993474	-0.17997016	-0.04791339	-0.051328123	-0.02456504	-0.024555454	-0.25547704	0.19639689	0.030330809	-0.24614975	0.05479528	-0.1384598	-0.07354657	-0.089981176	0.1330144	-0.015511819	0.05129285	0.014322347	-0.44982842	0.07080841	-0.54405516	-0.2613499	-0.25754908	0.080403544	-0.0005722297
-0.2126089	0.2087584	0.12499106	-0.010471191	-0.17340636	0.23177655	-0.15913884	-0.04976934	-0.058551453	-0.030201523	-0.02697171	-0.27117777	0.20417686	0.021667497	-0.2541459	0.062280245	-0.13065578	-0.076928586	-0.103568345	0.13816664	-0.024186796	0.042630468	0.014256715	-0.47647712	0.0755894	-0.58187616	-0.26897305	-0.29060385	0.08105957	0.009834403
-0.1767303	0.17994964	0.10845567	0.008271211	-0.17550938	0.21910395	-0.16419871	-0.025305782	-0.026536616	-0.0014819393	-0.012349885	-0.2314784	0.1920397	0.038965337	-0.21972671	0.05840025	-0.11201478	-0.063458614	-0.09824667	0.104316436	-0.010750028	0.051678102	0.00667003	-0.39820355	0.0640683	-0.5255741	-0.23396623	-0.23495477	0.07357048	0.004508561
-0.25028768	0.23226804	0.14739548	0.0065440633	-0.21488914	0.28041843	-0.21662761	-0.062373187	-0.05053931	-0.03735844	-0.04580936	-0.3031832	0.24688847	0.051617865	-0.26721114	0.08951815	-0.165573	-0.064727105	-0.11372978	0.15569058	-0.019222561	0.053287867	0.016519085	-0.52966136	0.073762804	-0.69406104	-0.3085505	-0.3167309	0.07144268	0.009620505
-0.23881017	0.21544948	0.13616744	-0.002286619	-0.21524227	0.2788441	-0.20140263	-0.066267364	-0.04529509	-0.029709974	-0.01967432	-0.318361	0.2385666	0.036806718	-0.2744223	0.06449731	-0.1554629	-0.066054635	-0.11314031	0.13962854	-0.027111694	0.06942592	0.04100427	-0.5361421	0.0565606	-0.6543131	-0.27804074	-0.31966588	0.0643306	0.007390292
-0.1908282	0.17235431	0.09896582	-0.015329112	-0.15531254	0.1983451	-0.13029377	-0.03996858	-0.038535424	-0.00540179	-0.02030146	-0.2171932	0.16583063	0.02641562	-0.20460682	0.059685178	-0.10903104	-0.04379196	-0.100637935	0.0836911	-0.01124166	0.04538749	0.027262447	-0.3707491	0.05771615	-0.48657382	-0.19933026	-0.22425413	0.053483427	0.0012596993
-0.22994052	0.2278616	0.11267721	-0.000114957176	-0.18343914	0.23885202	-0.18894339	-0.055552874	-0.06545738	-0.022935871	-0.026663093	-0.29236862	0.22220987	0.03790798	-0.25803882	0.07973264	-0.13393414	-0.07492241	-0.11174732	0.11696786	-0.0016679467	0.056049947	0.013906288	-0.48240483	0.057135385	-0.6155106	-0.2591652	-0.28703037	0.060660213	0.014375132
-0.25518793	0.23991972	0.13210452	-0.006524898	-0.19429189	0.2613052	-0.21641813	-0.056420773	-0.0699233	-0.03403753	-0.031235378	-0.32194313	0.26348418	0.019748304	-0.28402814	0.05569403	-0.16101265	-0.08799909	-0.13267384	0.14219424	-0.028089847	0.053303376	0.022142274	-0.54687554	0.08355413	-0.681855	-0.3056569	-0.33265695	0.08938797	0.0021170746
-0.24311186	0.20403866	0.11836294	0.0009983194	-0.20957762	0.27196795	-0.2005099	-0.047046263	-0.06379354	-0.009511295	-0.033773545	-0.2956371	0.22347745	0.046328716	-0.24652714	0.077347845	-0.14879708	-0.066812895	-0.12170097	0.12171223	-0.02450802	0.056896433	0.019772096	-0.4881717	0.06446949	-0.62079453	-0.27410358	-0.31985822	0.083897136	-0.008318382
-0.22595222	0.22215663	0.109614424	-0.0035226156	-0.20432203	0.2656698	-0.16751377	-0.052217208	-0.056582544	-0.013767307	-0.042653985	-0.28007865	0.22033074	0.02312442	-0.2622248	0.053944953	-0.13237469	-0.06726727	-0.106521234	0.13085672	-0.016645815	0.05508209	0.0136724	-0.48532328	0.0585778	-0.60910624	-0.26998508	-0.3059191	0.064013	0.005139581
-0.21784805	0.2136203	0.11100533	0.00011284963	-0.20480488	0.26621497	-0.19922604	-0.033785164	-0.0645268	-0.008739333	-0.037197996	-0.278442	0.24329284	0.0350605	-0.2675549	0.078441344	-0.1571339	-0.061036833	-0.12838389	0.13605523	0.0035700924	0.06429124	0.012147467	-0.48268226	0.061736163	-0.62137294	-0.2647346	-0.31675455	0.069418505	0.010201991
-0.27442434	0.25830877	0.13284357	-0.0010666657	-0.20306398	0.29732797	-0.20351258	-0.0625392	-0.042363618	-0.03648139	-0.043278728	-0.31046936	0.26877216	0.03807153	-0.27302665	0.075011976	-0.16475505	-0.07026763	-0.13594991	0.15925862	-0.008163121	0.06929668	0.018331887	-0.55849946	0.07422857	-0.6921502	-0.30053842	-0.32376426	0.072618656	-0.013385575
-0.31214648	0.30039486	0.15025377	0.012087749	-0.26126754	0.349071	-0.2658055	-0.052969582	-0.06135194	-0.029105844	-0.023375612	-0.40231732	0.32587227	0.059680298	-0.35006997	0.08106874	-0.20962328	-0.08510101	-0.15147541	0.18513197	-0.022126114	0.07119603	0.04181078	-0.66964835	0.10586776	-0.8618935	-0.35805073	-0.40166265	0.08972713	-0.0068162587
-0.34842005	0.32339573	0.1674039	0.0125399595	-0.2717762	0.37613896	-0.24942937	-0.06714987	-0.058677167	-0.035241388	-0.041253597	-0.41870558	0.33158672	0.039263736	-0.36908025	0.09483098	-0.22196738	-0.1152321	-0.16652757	0.1858546	-0.021232672	0.07748529	0.017638974	-0.70994174	0.08305942	-0.90635616	-0.385631	-0.44204172	0.115949586	-0.015513912
-0.31545442	0.28936636	0.16724563	0.0068944143	-0.23626508	0.3198247	-0.23786749	-0.066894956	-0.07664069	-0.012478159	-0.01958359	-0.37588516	0.30135882	0.040156197	-0.34736922	0.08209162	-0.18884309	-0.10973786	-0.14841203	0.16101031	-0.021208875	0.057401493	0.025112234	-0.65353596	0.08618158	-0.81772107	-0.34130612	-0.38038918	0.098615415	-0.015098055
-0.25854805	0.24062577	0.12939619	-0.008127253	-0.23477359	0.29107854	-0.21827216	-0.052518874	-0.051764335	-0.03749366	-0.032588467	-0.31405428	0.27470696	0.026907371	-0.30421984	0.08121197	-0.18608744	-0.09487932	-0.13527541	0.15486227	-0.007940327	0.049257763	0.010841639	-0.57715905	0.078322835	-0.7314452	-0.3206126	-0.33298078	0.081791215	0.014418728
-0.26238322	0.24427703	0.12601326	-0.009153216	-0.221397	0.29832664	-0.19322889	-0.07008773	-0.07033477	-0.013549416	-0.038926225	-0.320903	0.25396103	0.03213251	-0.28832713	0.07737622	-0.15440275	-0.08441924	-0.12610139	0.15911087	-0.023064928	0.049088746	0.019586785	-0.5381456	0.06898279	-0.6978053	-0.29218653	-0.34782135	0.07785073	0.014337453
-0.36616048	0.31922266	0.18720683	-0.006403762	-0.30773512	0.38324672	-0.27915055	-0.076586686	-0.07416997	-0.033666357	-0.0458159	-0.4412088	0.3378763	0.04843643	-0.3924798	0.11683076	-0.21976602	-0.12843813	-0.16650099	0.21124324	-0.019161072	0.08635507	0.033277445	-0.7666111	0.10381592	-0.95134515	-0.42648584	-0.47306436	0.11034394	-0.0035572357
-0.24632129	0.25070187	0.13018958	0.0045618205	-0.20344178	0.28516167	-0.19158772	-0.062410068	-0.05946448	-0.03468872	-0.029616844	-0.31704104	0.25623962	0.025503108	-0.270255	0.061145395	-0.15847014	-0.09361887	-0.1058961	0.13695706	-0.013583575	0.06494799	0.022570394	-0.5473539	0.06857927	-0.6589725	-0.30359688	-0.31239852	0.08981036	-0.014775919
-0.30153364	0.27936643	0.13417502	-0.014771391	-0.23809169	0.32628998	-0.22982766	-0.04732676	-0.077181816	-0.044956695	-0.03056688	-0.37464938	0.29207817	0.036800746	-0.33286357	0.068858005	-0.19910714	-0.08467354	-0.15552726	0.17731127	-0.029185075	0.08104993	0.04019258	-0.6115517	0.089774854	-0.7573044	-0.33702448	-0.37294656	0.07997506	0.011537744
-0.33631715	0.34264603	0.17632172	0.002396277	-0.28886113	0.37683216	-0.2647456	-0.06032004	-0.0877225	-0.031992227	-0.05744029	-0.42942506	0.3548208	0.05042312	-0.3925939	0.11760961	-0.22549981	-0.10512454	-0.1770264	0.20132746	-0.00043102825	0.09132396	0.04287891	-0.760419	0.104061425	-0.9353469	-0.4337544	-0.45624217	0.10371575	0.011790356
-0.17994204	0.14679593	0.09213104	-0.012738595	-0.13158739	0.17948031	-0.12840821	-0.04797256	-0.04071154	-0.016048258	-0.007476764	-0.20573641	0.15572834	0.019828603	-0.18098745	0.054254685	-0.10533373	-0.055159077	-0.0709163	0.09626135	0.00304881	0.05255912	0.017634068	-0.36993745	0.059705447	-0.46209148	-0.20820452	-0.21223007	0.05080814	-0.002652114
-0.25254506	0.23774284	0.12058856	-0.00035169072	-0.20353192	0.24649966	-0.18325841	-0.06471957	-0.036529187	-0.036817543	-0.03869238	-0.29771158	0.24284863	0.032752857	-0.2734365	0.077118844	-0.16032074	-0.087260336	-0.113994345	0.13275515	-0.025620045	0.052716296	0.03916041	-0.5020991	0.0761963	-0.6272726	-0.279489	-0.30562052	0.06875078	0.007583071
-0.2571622	0.26058984	0.15501748	0.0070961188	-0.23923564	0.3115532	-0.21429154	-0.05031012	-0.06825077	-0.027213719	-0.040696967	-0.32724813	0.27447036	0.039977945	-0.30448577	0.07320234	-0.18781056	-0.08097738	-0.1413807	0.15500923	0.003899124	0.06291266	0.018562445	-0.5568267	0.08722932	-0.7342976	-0.31223547	-0.35372108	0.080014825	0.0063117
-0.20282003	0.18681794	0.09697929	0.0070652682	-0.18346186	0.22900526	-0.18460485	-0.032531902	-0.052243613	-0.035419933	-0.038013756	-0.25797504	0.2057403	0.045239575	-0.22401251	0.06798531	-0.12310155	-0.065238446	-0.100579366	0.114599966	-0.0081550935	0.053006202	0.038601615	-0.45278546	0.06165383	-0.59830755	-0.24963681	-0.29480723	0.07441593	0.004612775
-0.24097623	0.24218667	0.1285848	0.007099938	-0.2054574	0.26936585	-0.18805675	-0.04510548	-0.05434787	-0.028139854	-0.040567335	-0.30587167	0.23833187	0.034118913	-0.26990566	0.082684025	-0.1795234	-0.07949803	-0.109353304	0.12991832	-0.023534687	0.06644879	0.026061311	-0.5478443	0.06901994	-0.7034674	-0.30137804	-0.32106578	0.069468156	-0.017684277
-0.23404491	0.2241318	0.105219886	0.010084368	-0.19110289	0.23940216	-0.1923358	-0.035084154	-0.051272023	-0.016237233	-0.013585859	-0.27618465	0.24130334	0.039570983	-0.26936218	0.08081058	-0.15343219	-0.08126496	-0.10206078	0.13449955	-0.012170943	0.048051633	0.0075079245	-0.5024662	0.06617192	-0.61495054	-0.27265847	-0.2960849	0.06362687	-0.0031323906
-0.26604873	0.26272672	0.14935765	0.014616452	-0.22934675	0.30194983	-0.2206016	-0.061857216	-0.05749251	-0.021065965	-0.03402864	-0.33092046	0.24412484	0.02895477	-0.30855882	0.08678918	-0.1839779	-0.08079664	-0.14364284	0.14638376	-0.018075738	0.07277931	0.037154887	-0.5753065	0.07211875	-0.7080206	-0.29994345	-0.35371783	0.08243246	0.0018652547
-0.20631848	0.20622021	0.09605086	0.0028472529	-0.17537399	0.21769136	-0.17194255	-0.050217766	-0.048302542	-0.0039490717	-0.027560802	-0.2421772	0.20610774	0.02795234	-0.2140752	0.06559396	-0.14494409	-0.07399343	-0.10659397	0.11647296	-0.017313892	0.057002723	0.027333846	-0.43479225	0.057754442	-0.53881305	-0.2387798	-0.2816015	0.07699915	0.008584959
-0.3489917	0.3330134	0.1809951	0.0076783877	-0.27303937	0.3913955	-0.2587176	-0.07033272	-0.08507602	-0.041639306	-0.03243351	-0.43362907	0.33228138	0.045570884	-0.3865194	0.10088043	-0.22047615	-0.11462488	-0.150543	0.19064748	-0.018433744	0.08140807	0.02443586	-0.72683644	0.09852892	-0.9180784	-0.42058653	-0.46024826	0.10262224	-0.0025724273
-0.29917783	0.28725845	0.16391104	-0.006459084	-0.26308364	0.3388369	-0.23340108	-0.049333367	-0.054405864	-0.04433381	-0.02019746	-0.36998788	0.28899002	0.058655795	-0.34011593	0.071222916	-0.17366807	-0.1058085	-0.14656426	0.17310767	-0.0010454177	0.07141188	0.024248073	-0.63198894	0.08719895	-0.80341583	-0.36169353	-0.38182262	0.085231066	0.009180144
-0.23183441	0.2198389	0.11259802	0.012456618	-0.20359862	0.2633613	-0.19707958	-0.03663168	-0.042315498	-0.033031873	-0.01846261	-0.28420085	0.23280852	0.016095174	-0.26519725	0.068980485	-0.15974924	-0.070202254	-0.10732449	0.13563257	-0.008536115	0.05198786	0.035590053	-0.5008478	0.07239928	-0.6065581	-0.2678465	-0.29897723	0.07932146	0.012496118
-0.19597729	0.17424673	0.099451736	-0.004050406	-0.16349411	0.20501524	-0.15681343	-0.025175711	-0.05453127	-0.026459089	-0.03804786	-0.2477034	0.20891671	0.04207206	-0.23598807	0.045945566	-0.12334319	-0.051446155	-0.100752704	0.10553518	0.0020524263	0.03554278	0.0053024474	-0.43610162	0.06541391	-0.52343893	-0.24304746	-0.27247915	0.05175489	-0.01603055
-0.28742522	0.25035894	0.12896073	-0.00036902327	-0.21954006	0.31495374	-0.22011985	-0.06707509	-0.043666363	-0.023255184	-0.021906454	-0.35280457	0.26516506	0.03249012	-0.28793555	0.088029265	-0.17003761	-0.08439285	-0.12830476	0.16012134	-0.013906165	0.06810723	0.028772157	-0.58665884	0.07674847	-0.7277757	-0.34068245	-0.3582074	0.08293358	0.008480115
-0.22090234	0.20149079	0.10375619	-0.009634157	-0.18040465	0.22756681	-0.15915543	-0.056444578	-0.03278844	-0.027470063	-0.012111813	-0.25032216	0.20426741	0.025942842	-0.21711192	0.057652976	-0.13016158	-0.071513005	-0.09937629	0.12576543	-0.013089979	0.03414194	0.02080964	-0.44256556	0.0433143	-0.55448717	-0.22645214	-0.28378078	0.068491004	0.007014715
-0.34559944	0.33829817	0.19085234	0.0041083964	-0.3082153	0.38451657	-0.27398705	-0.069108576	-0.06491951	-0.0276339	-0.03955483	-0.4376338	0.33669662	0.052020833	-0.40670106	0.10001989	-0.23062178	-0.10590261	-0.18393095	0.18196301	-0.0005599897	0.0669772	0.051310275	-0.7596152	0.111776575	-0.932473	-0.4059502	-0.45312575	0.12002718	-0.009109686
-0.25819972	0.23847981	0.11850167	-0.01465293	-0.20169072	0.27438098	-0.19297503	-0.03613722	-0.059480995	-0.02688698	-0.026629055	-0.31981075	0.25914815	0.043002006	-0.2917601	0.06677034	-0.17826128	-0.06454352	-0.13084981	0.1260082	-0.009988908	0.04692708	0.037963603	-0.52474785	0.058987554	-0.6716795	-0.31000188	-0.31747997	0.09105827	-0.014969635
-0.2792659	0.24250782	0.14222254	0.015386585	-0.24380545	0.3035131	-0.19836502	-0.05083513	-0.048651334	-0.020579943	-0.03909315	-0.32600263	0.2596867	0.050215095	-0.2892543	0.09320434	-0.16778165	-0.08196986	-0.14069411	0.14134942	-0.020760734	0.054739043	0.04258196	-0.58294046	0.09204842	-0.7321695	-0.3276352	-0.35220507	0.09492872	0.0029757353
-0.2970815	0.26752418	0.16200475	-0.0021412028	-0.25649774	0.30738723	-0.24577074	-0.06205264	-0.066614345	-0.018433467	-0.03816641	-0.34882832	0.27490336	0.048502933	-0.32661712	0.07021618	-0.18438886	-0.08062602	-0.13332924	0.17031854	-0.015454951	0.07465558	0.020175945	-0.61716723	0.094850495	-0.7892029	-0.35573354	-0.3924495	0.10978157	-0.0058879294
-0.31393662	0.28762415	0.16134132	-0.00537577	-0.24858938	0.32502446	-0.24878295	-0.05373858	-0.05506789	-0.029961197	-0.03677169	-0.36773723	0.29388028	0.025881972	-0.3309754	0.09172612	-0.19078135	-0.11158117	-0.13312538	0.17097408	-0.0184838	0.07133281	0.017773427	-0.64441717	0.09525572	-0.8242639	-0.36837757	-0.39671484	0.09183252	0.0007481345
-0.20813204	0.18751259	0.09224888	-0.0038943822	-0.15281664	0.21392769	-0.14913577	-0.032969203	-0.04747837	-0.016689306	-0.010881311	-0.24018416	0.19750668	0.030760989	-0.22026818	0.07077283	-0.1273491	-0.048866168	-0.10391287	0.11997762	-0.004174378	0.05077491	0.024215918	-0.413338	0.065209754	-0.5428953	-0.23340245	-0.24347118	0.057256997	0.0060816123
-0.19367926	0.16377264	0.11416599	-0.01332696	-0.14938477	0.19987853	-0.14129627	-0.051488847	-0.030389277	-0.0072338753	-0.01186235	-0.23685588	0.20089689	0.035813455	-0.20875557	0.040749483	-0.10964448	-0.045498084	-0.09935081	0.11690256	0.0048194663	0.047184072	0.033336587	-0.42201543	0.06328603	-0.5125312	-0.21376479	-0.25918877	0.04455743	0.014289261
-0.25894943	0.25396785	0.12299997	0.0030509888	-0.21815188	0.284971	-0.22368902	-0.064797826	-0.045011755	-0.03213536	-0.041635077	-0.3185384	0.24528693	0.030712524	-0.29815698	0.085076176	-0.17675035	-0.088898465	-0.124303736	0.14402747	-0.028548123	0.06647955	0.039032683	-0.5637424	0.060643885	-0.71668327	-0.312953	-0.35654154	0.08837211	0.00022126979
-0.24868108	0.22495952	0.14554793	-0.004271783	-0.2029319	0.26379997	-0.18661734	-0.04677279	-0.057135798	-0.012358731	-0.015821064	-0.30946144	0.26018062	0.04334195	-0.29761484	0.065428555	-0.16849132	-0.08034055	-0.12819104	0.13959199	-0.005237649	0.06654839	0.018879348	-0.52728796	0.07798356	-0.6847128	-0.28595638	-0.32053527	0.09327585	-0.013164735
-0.27977234	0.27934507	0.13583909	-0.0007760287	-0.24333398	0.3203007	-0.23368238	-0.047746856	-0.068359785	-0.024455026	-0.018825	-0.3482402	0.28467184	0.04219865	-0.32377183	0.06901556	-0.1932249	-0.10174752	-0.1495343	0.15119511	-0.016841099	0.05330431	0.043443814	-0.60751003	0.078714676	-0.7629673	-0.33673787	-0.38858053	0.10206731	0.01412834
-0.35719407	0.31337062	0.19052362	0.0024048889	-0.2743688	0.36545157	-0.28104335	-0.06592449	-0.0695121	-0.044401877	-0.026177028	-0.43392268	0.34375656	0.040443916	-0.38184747	0.11618767	-0.23218614	-0.10601689	-0.16041142	0.19626299	-0.006707601	0.06542874	0.04975941	-0.73687994	0.10127985	-0.9335535	-0.41991454	-0.43881908	0.10626239	-0.0064953617
-0.31271303	0.29937804	0.16003272	0.011216501	-0.26269424	0.33333594	-0.24759114	-0.06082512	-0.06132007	-0.03523059	-0.04739386	-0.39055237	0.3113435	0.042557985	-0.31844333	0.071716845	-0.17945927	-0.10344341	-0.13251954	0.16055511	-0.008491381	0.070506	0.016746793	-0.641135	0.09363199	-0.815319	-0.35993043	-0.38088992	0.10917884	0.0009927775
-0.29163077	0.27746266	0.15766314	-0.006126125	-0.23995633	0.33567855	-0.23528071	-0.056237113	-0.056660634	-0.038436804	-0.04531268	-0.36058652	0.28968513	0.028044831	-0.3073503	0.08532102	-0.18128516	-0.09342687	-0.13685869	0.16893712	-0.027477458	0.066769265	0.026466027	-0.61545974	0.066329226	-0.792415	-0.32781038	-0.37110358	0.10233022	0.0035306076
-0.16563885	0.15346107	0.070442125	-0.00533054	-0.131645	0.18920253	-0.11539315	-0.029755358	-0.02659224	-0.018281952	-0.028126653	-0.19697994	0.14771612	0.031919565	-0.19991551	0.037898775	-0.11017709	-0.060817987	-0.09391283	0.099941574	0.0031306576	0.04619451	0.030160978	-0.3430581	0.056710653	-0.45986792	-0.20782943	-0.22280955	0.067034446	-0.01644811
-0.25383314	0.22072256	0.113464236	0.0016444051	-0.21975903	0.28501093	-0.19892046	-0.0483155	-0.04699422	-0.03652473	-0.04362092	-0.31788963	0.23643637	0.04397798	-0.28365964	0.057872895	-0.15237626	-0.09183577	-0.13173266	0.13190265	-0.00976546	0.03977966	0.030904135	-0.5204815	0.061810344	-0.6523519	-0.28324577	-0.30669838	0.0748979	0.0007538419
-0.28365853	0.25110006	0.13948788	-0.0013291906	-0.2093896	0.3097999	-0.19574144	-0.045289315	-0.07382577	-0.0148579385	-0.045241144	-0.3270099	0.26047495	0.048625126	-0.28243154	0.066544004	-0.16340536	-0.073669404	-0.14456847	0.13792546	-0.005705219	0.057454452	0.016269933	-0.5548426	0.06701262	-0.7183913	-0.33370984	-0.36457974	0.08365445	0.0015125566
-0.30628186	0.2679692	0.14693847	-0.007373949	-0.26121736	0.33996433	-0.23891328	-0.07123847	-0.080954716	-0.021710845	-0.028170446	-0.36109626	0.31369054	0.027084507	-0.34015372	0.086842366	-0.1855011	-0.09758542	-0.13405892	0.18720269	-0.01135808	0.07015498	0.031638775	-0.64677215	0.088832654	-0.82052165	-0.34842074	-0.3780089	0.10621566	0.011592372
-0.20640014	0.17751126	0.10409551	-0.0029700592	-0.16815953	0.22374043	-0.15320994	-0.03449945	-0.03531578	-0.0136500085	-0.039328925	-0.24189061	0.1783901	0.03672948	-0.22735746	0.059054907	-0.1167507	-0.052264966	-0.084741205	0.09781579	0.0050442596	0.056784973	0.032675367	-0.42714566	0.04279093	-0.5393219	-0.23280284	-0.26194355	0.06301665	-0.015525152
-0.2588027	0.27260405	0.13136774	0.001617679	-0.24509622	0.29248574	-0.2067535	-0.04717972	-0.04169028	-0.017759716	-0.023776382	-0.3444071	0.26585728	0.04823122	-0.31911343	0.08877555	-0.17206062	-0.0779704	-0.13399227	0.13790108	0.0010834652	0.04848531	0.026441233	-0.57177025	0.094444536	-0.7424911	-0.30821216	-0.34372097	0.07305725	0.011798653
-0.23589434	0.22496231	0.13436207	0.007748011	-0.19495882	0.25428268	-0.19337568	-0.057663366	-0.036753993	-0.025175547	-0.026602369	-0.283768	0.22471605	0.022259556	-0.26079687	0.06054862	-0.14905436	-0.09070321	-0.12412987	0.13082373	-0.01689015	0.053539816	0.035082527	-0.50136536	0.057122968	-0.63780737	-0.28066966	-0.32014874	0.088879734	-0.01708958
-0.20973398	0.1858354	0.092103176	-0.011511831	-0.16730866	0.22308125	-0.15795273	-0.034116793	-0.04542299	-0.018510507	-0.031844955	-0.23616298	0.20458518	0.021382472	-0.22171825	0.042196296	-0.13893563	-0.068464346	-0.08564106	0.12467515	0.0015928333	0.060087126	0.029394804	-0.42928022	0.061128784	-0.51619035	-0.23794968	-0.2573494	0.061620113	-0.0046054292
-0.27781653	0.26534098	0.12457097	-0.006005721	-0.21749827	0.30952615	-0.21029848	-0.06942901	-0.05716029	-0.037219197	-0.04316752	-0.33495107	0.28220573	0.030634383	-0.29810175	0.075502336	-0.1886257	-0.085690856	-0.1391259	0.15163179	-0.0063762967	0.06822761	0.030170474	-0.56803626	0.06808602	-0.72547126	-0.32618582	-0.34997198	0.10248731	0.008679026
-0.32018393	0.3049723	0.19053009	0.012126689	-0.27316305	0.38525924	-0.27707505	-0.07637894	-0.07984448	-0.025902474	-0.05804618	-0.42737368	0.31394395	0.028178358	-0.35239562	0.0800146	-0.2207291	-0.095523454	-0.15049875	0.2044581	-0.024664007	0.09089912	0.01702503	-0.70590514	0.1077561	-0.9078883	-0.3966395	-0.44901085	0.11039053	0.004518955
-0.30775917	0.2820657	0.1344988	-0.011699644	-0.23387441	0.3310955	-0.2351676	-0.04660746	-0.06512726	-0.021341357	-0.05161063	-0.3553561	0.30023617	0.026595682	-0.31433126	0.09738013	-0.1782402	-0.092628986	-0.13140905	0.16368975	-0.01941108	0.06960827	0.02852307	-0.6358052	0.09415919	-0.790982	-0.36124226	-0.38277584	0.08011516	0.014465159
-0.3011271	0.26710796	0.15576544	0.01540423	-0.25292903	0.3368499	-0.24639185	-0.047502507	-0.04993187	-0.038897328	-0.032737534	-0.3751341	0.28517988	0.05257001	-0.32999167	0.07206952	-0.19605583	-0.10059029	-0.13119042	0.17626958	-0.013211965	0.059441157	0.014456789	-0.6460678	0.077780135	-0.79921305	-0.36509943	-0.39145544	0.11290979	0.011931083
-0.27930462	0.27423915	0.14706679	-0.012545878	-0.24701402	0.31722385	-0.24055657	-0.07518384	-0.061301116	-0.028940815	-0.03522143	-0.36204135	0.2665767	0.045992434	-0.3142643	0.08378791	-0.1667187	-0.10487304	-0.14715941	0.1507879	-0.013022112	0.059462167	0.039740972	-0.61432433	0.09521579	-0.74294573	-0.3383148	-0.35980955	0.08641003	-0.0068708765
-0.26885334	0.25582498	0.14419605	-0.00018734299	-0.22430642	0.29062742	-0.21214093	-0.056197792	-0.07312508	-0.035528768	-0.043154154	-0.31648985	0.25849637	0.022067431	-0.29440773	0.06794621	-0.17456871	-0.06669433	-0.12797327	0.14899984	-0.014048207	0.07267214	0.032221273	-0.54062504	0.08641499	-0.7030808	-0.32548723	-0.35209635	0.09210136	-0.00027348762
-0.4080295	0.38288406	0.20114776	-0.007064257	-0.35142052	0.46206746	-0.34077567	-0.10216467	-0.09037895	-0.05400678	-0.05354353	-0.53247637	0.40066057	0.05272586	-0.45904186	0.1212246	-0.2772029	-0.13984929	-0.18998002	0.23553461	-0.019340647	0.10414224	0.030934205	-0.8699151	0.1113856	-1.1186872	-0.5041833	-0.5418667	0.14952222	-0.011461496
-0.27958694	0.25045526	0.15877347	-0.004032442	-0.24607508	0.2948412	-0.2061792	-0.0510448	-0.060218643	-0.010172956	-0.022681547	-0.35749158	0.28622368	0.047501214	-0.30046797	0.06713921	-0.18665278	-0.07222251	-0.14444578	0.15133919	-0.019128509	0.054513387	0.034892187	-0.59004325	0.09143597	-0.7364444	-0.32935277	-0.35449642	0.09919835	-0.008321843
-0.25179416	0.25638822	0.12919028	-0.017137926	-0.22341208	0.30317834	-0.22623062	-0.04531299	-0.04530984	-0.035378978	-0.035757422	-0.34110478	0.2561923	0.05125184	-0.30375588	0.07444978	-0.16405527	-0.06952473	-0.14315255	0.13392127	-0.024759784	0.05131764	0.017015068	-0.5841866	0.06685974	-0.73318315	-0.30102363	-0.34821737	0.099476576	-0.0087754065
-0.29658562	0.2688478	0.13698576	0.011113405	-0.2500591	0.29826963	-0.23566914	-0.050293554	-0.07341487	-0.029169606	-0.039819777	-0.36387062	0.28860497	0.042234004	-0.32733715	0.09046951	-0.18226658	-0.08462598	-0.14620721	0.17762896	-0.022401258	0.060775977	0.037898824	-0.6058785	0.07158331	-0.7527714	-0.33016998	-0.36170515	0.10773968	0.010411042
-0.16572812	0.1737332	0.09741015	-0.016886596	-0.14855535	0.18676744	-0.13373663	-0.040070213	-0.022482976	-0.014811407	-0.010453843	-0.20948327	0.17606786	0.01926972	-0.2052335	0.045984793	-0.12125648	-0.044068974	-0.07127875	0.08432823	-0.010137699	0.031008922	0.017838767	-0.3932926	0.041541096	-0.4804858	-0.20789221	-0.22978088	0.047584742	-0.012599424
-0.25541896	0.22923014	0.13737668	-0.00045654163	-0.22151555	0.28178066	-0.20233761	-0.052777134	-0.040139277	-0.022012206	-0.028831068	-0.32716814	0.25424683	0.046158593	-0.2981816	0.082867004	-0.15183316	-0.064448096	-0.13087831	0.13728277	-0.025566364	0.066680074	0.01238504	-0.56968963	0.05753726	-0.70837134	-0.30038446	-0.3223546	0.074749835	-0.0020665997
-0.24537474	0.24468102	0.121772416	-0.0048722965	-0.19583628	0.27780217	-0.19070594	-0.05614586	-0.06296113	-0.024137303	-0.018794918	-0.32571927	0.25389478	0.026457645	-0.2669036	0.05970112	-0.1686198	-0.08915304	-0.13647157	0.13356073	-0.009000916	0.043443933	0.030461246	-0.5279055	0.06935242	-0.6767834	-0.2926366	-0.31770423	0.09258476	-0.0024236483
-0.22389258	0.19168763	0.102102056	0.009651975	-0.18585576	0.22341993	-0.17697607	-0.059087582	-0.047713652	-0.0134305265	-0.02255752	-0.2615197	0.21956761	0.01933063	-0.2509039	0.056870554	-0.15015075	-0.07203509	-0.10639943	0.12650682	-0.00900479	0.04805072	0.020053893	-0.46704432	0.06575091	-0.5704661	-0.24486254	-0.27570316	0.07575003	-0.0022085616
-0.23586485	0.21704347	0.11850867	-0.014412741	-0.21445887	0.2808151	-0.19239171	-0.04420366	-0.04851089	-0.03601968	-0.014560288	-0.30761555	0.24461168	0.026271114	-0.27567017	0.052929543	-0.15627871	-0.059909012	-0.108088754	0.13370758	0.0022021225	0.05632274	0.010833628	-0.5089977	0.06646271	-0.65910566	-0.26997274	-0.30113328	0.07162893	0.0010761099
-0.2957282	0.2896203	0.16802034	0.009263624	-0.25863776	0.33153453	-0.23396038	-0.06086839	-0.057937264	-0.03187226	-0.05324224	-0.37194985	0.29668465	0.028895283	-0.3225253	0.096436635	-0.19170761	-0.10852091	-0.12692025	0.17715962	-0.023061857	0.056470178	0.025708523	-0.6212845	0.098202944	-0.80969435	-0.36195225	-0.3742315	0.10442111	-0.0071702553
-0.25014207	0.2583759	0.14281818	0.006314219	-0.22355992	0.30102554	-0.1915612	-0.061642513	-0.06462974	-0.0138689475	-0.020160805	-0.31954107	0.26216158	0.03975327	-0.2887957	0.08914802	-0.17950563	-0.08260196	-0.14241828	0.14395952	-0.0024772754	0.05141075	0.043216627	-0.5461098	0.07046322	-0.68391305	-0.30657578	-0.32960102	0.07196913	0.0041401405
-0.21240066	0.18293063	0.10144707	0.014897821	-0.15088984	0.21612376	-0.15569267	-0.038694654	-0.027057143	-0.032186717	-0.009896632	-0.23198509	0.20371757	0.029239934	-0.20273818	0.054919984	-0.1406125	-0.050523914	-0.09349335	0.1244561	0.0029470094	0.037354305	0.027590303	-0.429198	0.04019317	-0.53761375	-0.23618494	-0.25569695	0.05300422	0.0062363497
-0.23382814	0.23337525	0.12131794	0.005313916	-0.20587909	0.25352737	-0.18715772	-0.038053308	-0.06826826	-0.038767908	-0.044841044	-0.3184373	0.22836785	0.031597566	-0.2615241	0.08637912	-0.17009443	-0.06609255	-0.1320651	0.1477252	0.0005528834	0.06826962	0.021244342	-0.52966064	0.05584906	-0.66268027	-0.29310316	-0.32391125	0.080841504	-0.00052710803
-0.28471497	0.26638857	0.13877591	-0.010604128	-0.22690107	0.30525503	-0.21870947	-0.07538127	-0.051543187	-0.010440145	-0.045093827	-0.3334233	0.28811786	0.036851868	-0.30829594	0.0784785	-0.17694645	-0.092460364	-0.1295584	0.15429579	-0.014774843	0.06421379	0.044280183	-0.60260755	0.0856976	-0.75918293	-0.33706287	-0.3611158	0.10072624	-0.0077414573
-0.24736929	0.21935908	0.11441139	-0.005001734	-0.21407093	0.25190628	-0.19980435	-0.04770914	-0.039028913	-0.022907007	-0.017376937	-0.3058886	0.2398454	0.042208046	-0.25001568	0.069386244	-0.13501029	-0.07644679	-0.12513661	0.14596039	-0.008997077	0.052005433	0.02657034	-0.5023872	0.05178324	-0.6376093	-0.2864642	-0.3093728	0.08617444	0.009828102
-0.24829938	0.23938297	0.111218736	-0.0010627548	-0.2155672	0.2606583	-0.18466349	-0.041759115	-0.056558818	-0.018960277	-0.0125041595	-0.2784494	0.24449757	0.029348584	-0.2607684	0.08510881	-0.14020771	-0.08205695	-0.10929155	0.12727632	-0.010396313	0.053524602	0.031101981	-0.5200565	0.06679249	-0.652504	-0.27625257	-0.31619957	0.060939975	-0.013164217
-0.22423941	0.22672802	0.11482613	-0.01496422	-0.20652816	0.2486751	-0.1811906	-0.053308535	-0.06471255	-0.016059278	-0.023941625	-0.3018708	0.2251052	0.037692443	-0.27038345	0.06842426	-0.15034015	-0.085566215	-0.1214764	0.1451148	-0.0028133998	0.057520725	0.03638506	-0.5072294	0.07966769	-0.6173781	-0.29057214	-0.32289952	0.07011799	-0.017646352
-0.23722778	0.1980164	0.11138077	0.0020009342	-0.19404247	0.24816383	-0.16469513	-0.043307398	-0.043528475	-0.008069005	-0.025511695	-0.2797566	0.22135036	0.022330051	-0.23498507	0.07676319	-0.15280879	-0.06635303	-0.103054345	0.13163313	-0.007331291	0.03707131	0.017538587	-0.48079237	0.052047186	-0.6139748	-0.2572394	-0.30860853	0.06383778	0.0131033715
-0.24155574	0.20453423	0.13251045	-0.0073986864	-0.18745561	0.26491842	-0.17994446	-0.039914355	-0.03557432	-0.013634964	-0.027976012	-0.27507812	0.22007644	0.019771742	-0.27012995	0.08259117	-0.156793	-0.06028182	-0.11436967	0.121918276	-0.02541592	0.06473611	0.03179577	-0.48770496	0.069423825	-0.62672216	-0.25886375	-0.292572	0.07337877	0.0028928358
-0.21374905	0.19358201	0.095545925	-0.003910725	-0.17977484	0.23422918	-0.15846643	-0.032415576	-0.042674497	-0.023144657	-0.024348266	-0.25700966	0.18339306	0.016912878	-0.23001197	0.062246263	-0.11632264	-0.0704936	-0.09061709	0.11286646	0.004951175	0.036458686	0.005498607	-0.42832303	0.042701	-0.5451774	-0.2278157	-0.26818	0.054178588	0.012978913
-0.33186072	0.31191146	0.1743072	-0.013294584	-0.2801958	0.33901218	-0.24247125	-0.0509333	-0.06504786	-0.04010181	-0.054477982	-0.40225908	0.32884303	0.04759739	-0.34281483	0.10686196	-0.20593524	-0.09968711	-0.16552567	0.19260418	-0.016401298	0.057800226	0.030804845	-0.68730843	0.08284589	-0.8517633	-0.37825707	-0.42054886	0.09582388	-0.014070339
-0.10893656	0.09175006	0.04861472	-0.015651904	-0.07076617	0.11739604	-0.06510127	-0.033121377	-0.03130573	0.0048053623	-0.0076407976	-0.11599573	0.0885323	0.001671913	-0.12314778	0.025223656	-0.056057148	-0.030336764	-0.053386915	0.046629276	-0.020931521	0.03441833	0.015007869	-0.21050179	0.019756647	-0.2650415	-0.115010284	-0.1232431	0.042157546	-0.011487106
-0.28067058	0.2523144	0.14508475	0.00092067645	-0.24108355	0.29799134	-0.22294995	-0.046432585	-0.047687158	-0.016914528	-0.04542116	-0.35769013	0.2690405	0.04336539	-0.31827685	0.089680076	-0.18851252	-0.10272683	-0.15279588	0.17518	-0.01929049	0.055883817	0.01907286	-0.6056916	0.0979099	-0.7808814	-0.3238695	-0.36271062	0.08650292	-0.016332531
-0.2053717	0.18456809	0.09432002	0.012998783	-0.1854656	0.21629912	-0.17214821	-0.031845696	-0.040158983	-0.0057474202	-0.023185788	-0.25768983	0.20469448	0.044848975	-0.24195458	0.06413895	-0.13914071	-0.047973603	-0.100881085	0.10280222	-0.011638299	0.04844305	0.027347308	-0.42892027	0.054750893	-0.53344715	-0.23712572	-0.2555296	0.069296174	0.012220723
-0.30123702	0.2902492	0.15795577	0.005842094	-0.24900533	0.3334456	-0.24995348	-0.056752857	-0.06287163	-0.017209392	-0.025915697	-0.3824893	0.2992268	0.036315266	-0.34499845	0.07360582	-0.21197368	-0.10548513	-0.16066536	0.1677036	-0.020674225	0.054699793	0.030054547	-0.64060307	0.093487516	-0.83402747	-0.3530804	-0.39424717	0.10078942	-0.008351838
-0.33449727	0.31596527	0.16989726	0.0024550597	-0.27961296	0.3692215	-0.26331192	-0.06289795	-0.086001	-0.01936905	-0.033954035	-0.4138395	0.31969026	0.05761759	-0.35653964	0.09377619	-0.22658622	-0.11760619	-0.17208543	0.17054823	-0.007282052	0.060943063	0.020127147	-0.710666	0.097863086	-0.86973983	-0.4015575	-0.44042388	0.11757611	0.008007568
-0.20943737	0.2036219	0.12905942	-0.0047147507	-0.18598944	0.23078537	-0.18684757	-0.04656926	-0.041377075	-0.029014574	-0.019820023	-0.26799342	0.21890901	0.015761292	-0.2312378	0.04752637	-0.14496386	-0.058237508	-0.11133228	0.12890217	-0.0013336217	0.03979694	0.029774759	-0.46269616	0.061339736	-0.5781042	-0.24895956	-0.29497692	0.07834104	-0.014135349
-0.23607013	0.21695003	0.13495857	0.0017929373	-0.1874556	0.2805988	-0.20563327	-0.056974724	-0.067754626	-0.016029518	-0.02245674	-0.3107755	0.23098941	0.04568364	-0.266224	0.08070422	-0.16523515	-0.062469456	-0.11238571	0.14260961	-0.0023648636	0.039707758	0.013229712	-0.5150701	0.07179115	-0.62982756	-0.2841205	-0.32372868	0.08655132	0.00020654571
-0.24504468	0.24047667	0.13237533	0.0131693445	-0.20770647	0.27318424	-0.21700306	-0.045121383	-0.059179485	-0.012176206	-0.021052869	-0.32628465	0.25893435	0.027360499	-0.2834548	0.085622765	-0.1578019	-0.07987009	-0.13216268	0.13838248	-0.02076386	0.053598523	0.0257566	-0.53361654	0.07980086	-0.6811056	-0.2992926	-0.3234971	0.093095504	0.005497725
-0.22261582	0.21373592	0.1154512	-0.014095649	-0.20534235	0.2480953	-0.19636405	-0.054394927	-0.061042525	-0.027804496	-0.03810103	-0.2717035	0.225892	0.029057669	-0.25613514	0.07352696	-0.1540484	-0.068449564	-0.109663166	0.123953186	-0.00081613415	0.039755706	0.014571926	-0.49394894	0.05526485	-0.6360444	-0.28137517	-0.2990735	0.06818456	0.0025975795
-0.17313342	0.16152433	0.10672517	-0.0044998345	-0.14677638	0.20585318	-0.13242993	-0.025588542	-0.028427172	-0.005639215	-0.03221275	-0.24458219	0.17633155	0.02399538	-0.20115855	0.06796894	-0.11075023	-0.05287035	-0.08626395	0.11414548	-0.020705676	0.055145003	0.032928668	-0.3816043	0.06556884	-0.48763618	-0.22874638	-0.24767488	0.072206035	-0.015625235
-0.19066642	0.16350536	0.07470433	0.0012373057	-0.13336226	0.18187697	-0.12915003	-0.032469403	-0.036728613	-0.01646009	-0.029110711	-0.20974073	0.16556236	0.01448896	-0.19252586	0.040750187	-0.09927228	-0.05517014	-0.08970333	0.0995895	0.0074040266	0.055825647	0.009187783	-0.35894805	0.059050594	-0.47167125	-0.21642771	-0.24405591	0.051013947	0.008771577
-0.3038786	0.30946797	0.16409425	0.011560607	-0.26591974	0.3586229	-0.24996997	-0.07313244	-0.05317204	-0.026621327	-0.033104714	-0.39443308	0.2925611	0.038078174	-0.3437733	0.09273026	-0.19962217	-0.100091405	-0.14215669	0.17711225	-0.0056152907	0.060132395	0.017966954	-0.676572	0.08121564	-0.84704566	-0.35884517	-0.39788014	0.091793574	0.017150452
-0.28793925	0.27405807	0.14557298	0.0043385485	-0.22979426	0.3109146	-0.23003732	-0.05739125	-0.06422073	-0.019830631	-0.03369979	-0.3340716	0.2605734	0.054104593	-0.3011762	0.065925874	-0.18443114	-0.08737709	-0.13052331	0.16857788	-0.0051828944	0.07939503	0.02638406	-0.6102046	0.06975676	-0.75842726	-0.3462808	-0.3795224	0.10508879	0.00011973177
-0.27680448	0.24809767	0.13134433	0.0064102663	-0.23759955	0.30583024	-0.21633413	-0.067795575	-0.07184397	-0.018260889	-0.030135745	-0.3461523	0.26275685	0.037838537	-0.30189905	0.06755146	-0.16879766	-0.09645145	-0.13917327	0.14176232	-0.0063769273	0.076151475	0.0142339	-0.5955628	0.0804827	-0.75269467	-0.34451988	-0.36441872	0.09198717	0.00977542
-0.22379331	0.21223506	0.11420008	-0.015894197	-0.18780547	0.23437041	-0.18124658	-0.030589063	-0.033853874	-0.0039404873	-0.010852981	-0.2773138	0.21396953	0.041657075	-0.24414574	0.0714488	-0.131	-0.058402546	-0.11415803	0.11610801	-0.024605792	0.042194355	0.02024647	-0.4371797	0.06730688	-0.57749844	-0.23698963	-0.2600394	0.07194423	-0.0007061861
-0.23871468	0.22933021	0.12979941	0.0048450464	-0.21879464	0.26654848	-0.21014893	-0.05688539	-0.051399976	-0.033833276	-0.04270366	-0.323069	0.23282039	0.020241946	-0.28193748	0.074647315	-0.16410632	-0.0874325	-0.13747975	0.13707127	-0.019742135	0.07328578	0.040158343	-0.5453798	0.072140396	-0.6772954	-0.3114785	-0.31481138	0.07800862	0.0057923486
-0.24898697	0.24035035	0.13909495	-6.5326036e-05	-0.19740891	0.26768976	-0.19263196	-0.053950287	-0.053248934	-0.020656025	-0.034294676	-0.31284907	0.23616566	0.041393008	-0.28661144	0.056504145	-0.17183676	-0.07356786	-0.11615245	0.13821559	-0.016523233	0.06319507	0.037882082	-0.5194903	0.054031607	-0.6760094	-0.2888746	-0.3072281	0.061732356	0.0014293203
-0.23426694	0.23300917	0.13401379	0.0077818	-0.20669845	0.25263262	-0.20077153	-0.045907456	-0.04702666	-0.023683684	-0.042490706	-0.28403047	0.22833958	0.036983296	-0.26685897	0.062162574	-0.1534339	-0.08193508	-0.12104774	0.1356289	-0.0029497363	0.06531472	0.017959274	-0.52409834	0.083129674	-0.6466042	-0.2764646	-0.30546466	0.07292467	-0.00084891863
-0.17074417	0.17714508	0.102395386	-0.014516541	-0.1395329	0.2104446	-0.15088698	-0.022863224	-0.036864012	-0.03151532	-0.026968686	-0.23427723	0.17973477	0.017784122	-0.19927226	0.047944345	-0.1308218	-0.04474026	-0.08348905	0.10175106	-0.012922217	0.036392096	0.013420448	-0.40205517	0.03702811	-0.51084816	-0.23160231	-0.25414822	0.072058514	-0.0155034
-0.19113736	0.20486614	0.09712334	0.011216309	-0.17251606	0.2206858	-0.1659827	-0.029731886	-0.034383334	-0.018426532	-0.03609632	-0.2696452	0.20384724	0.019137396	-0.23206592	0.07006693	-0.11460706	-0.051335152	-0.11067204	0.12085556	-0.010036316	0.044467963	0.02939052	-0.4299742	0.058490925	-0.56572425	-0.24231921	-0.2803502	0.066923834	-0.0017539107
-0.1897078	0.15135697	0.10457175	-0.012533238	-0.15678269	0.20706138	-0.13255712	-0.020260075	-0.027677815	-0.00571298	-0.008186803	-0.21656315	0.18182594	0.032257613	-0.18271393	0.033545192	-0.094625585	-0.055181593	-0.081432626	0.09529624	-0.007384222	0.048937496	0.020384979	-0.35618263	0.065310374	-0.45710924	-0.20813575	-0.21889693	0.043119602	-0.009024848
-0.21212684	0.20370619	0.10623572	-0.010676965	-0.18965343	0.22408564	-0.16822383	-0.038151495	-0.040081777	-0.023720672	-0.014836067	-0.25145417	0.19895233	0.03668253	-0.24543844	0.07349384	-0.14786768	-0.07027613	-0.10603165	0.13388796	0.00012902246	0.03826187	0.026411533	-0.43097	0.070275076	-0.55392194	-0.26052073	-0.2677669	0.068677746	-0.0010014483
-0.22146909	0.20757106	0.11084447	0.009926597	-0.17677377	0.25183448	-0.16701238	-0.058881547	-0.04188314	-0.021894248	-0.034224022	-0.2769219	0.21048799	0.022269228	-0.2577134	0.056952223	-0.14271468	-0.06645002	-0.10419655	0.13039312	-0.015939705	0.06570125	0.018372308	-0.4969689	0.08020461	-0.59858996	-0.25377846	-0.31244493	0.06591755	0.0057674386
-0.12529375	0.13448055	0.07455039	-0.009144671	-0.11815224	0.16746223	-0.1235504	-0.027281532	-0.042942345	-0.012927946	-0.010743154	-0.18080278	0.12731117	0.018710636	-0.1584006	0.04387894	-0.09482657	-0.04680276	-0.07038453	0.09379943	-0.0029721975	0.035666984	0.01966343	-0.3052056	0.031041173	-0.3779251	-0.15523632	-0.18282889	0.03358515	-0.0059618982
-0.23889652	0.23069578	0.12607805	0.012080151	-0.1962509	0.26416183	-0.18691933	-0.041966267	-0.059767045	-0.010649263	-0.015262761	-0.29474252	0.24911699	0.022933496	-0.27582604	0.08400649	-0.15429075	-0.0897433	-0.111588515	0.14245121	-0.028005134	0.04750429	0.015988676	-0.52619505	0.057931483	-0.66193885	-0.27247322	-0.3169132	0.06474516	-0.013961577
-0.23157528	0.21029899	0.13245879	-0.004059996	-0.20921241	0.24157824	-0.173738	-0.036132574	-0.03729892	-0.0065777786	-0.014435261	-0.27921337	0.22730394	0.034361552	-0.27117017	0.07873657	-0.14336091	-0.08060382	-0.10305222	0.13858646	-0.015719226	0.057768464	0.021733597	-0.49539286	0.07254769	-0.6061801	-0.27156755	-0.2932833	0.071925856	0.004731425
-0.26100236	0.2355528	0.11680055	0.0127420295	-0.22208789	0.2836732	-0.21320394	-0.04511371	-0.055230103	-0.00776534	-0.031476174	-0.3250761	0.26375452	0.03439205	-0.28776234	0.08027184	-0.17177263	-0.06458261	-0.11875296	0.13974068	-0.027955705	0.047623605	0.019989187	-0.5511395	0.073817186	-0.67366004	-0.3098502	-0.3401633	0.07692814	-0.0072725434
-0.25089285	0.21428119	0.1320995	-0.007497252	-0.20759657	0.2557568	-0.1907996	-0.06620719	-0.046936683	-0.030777544	-0.04169431	-0.30481794	0.24741791	0.041037984	-0.25623646	0.07167212	-0.16703053	-0.07067568	-0.102950625	0.13120866	-0.015084132	0.0638635	0.03195465	-0.5063904	0.06846767	-0.62478864	-0.27956802	-0.31182137	0.08873433	0.0041344636
-0.25636718	0.24075386	0.118360355	0.012472787	-0.19958985	0.2676869	-0.20995267	-0.055138648	-0.058498923	-0.030942496	-0.026564622	-0.29287842	0.23052004	0.04000374	-0.2666533	0.07880012	-0.15017788	-0.08947372	-0.10399563	0.14745519	-0.0052928803	0.05347878	0.033034034	-0.52906066	0.07915008	-0.6455572	-0.29805532	-0.31965247	0.07257709	0.008427489
-0.21745954	0.21453516	0.11794283	0.005507064	-0.18465924	0.2703507	-0.19647573	-0.034331385	-0.040223837	-0.032670196	-0.021913882	-0.29496425	0.24043065	0.04862785	-0.24307388	0.056902897	-0.14426439	-0.07790574	-0.098793074	0.12764055	-0.010169606	0.04895971	0.019585675	-0.49330375	0.0739908	-0.63225126	-0.27052698	-0.29263946	0.065477416	-0.008224927
-0.19547251	0.21065256	0.110660836	0.007175095	-0.16134085	0.24396934	-0.17117803	-0.059430186	-0.04113839	-0.004708022	-0.013364329	-0.26195735	0.20363934	0.023781046	-0.24066077	0.06695236	-0.1511278	-0.05547199	-0.117202416	0.12998454	0.0038768314	0.048172396	0.036728438	-0.43366736	0.05708288	-0.5776199	-0.2530664	-0.28789	0.08342375	0.014538762
-0.23543777	0.227922	0.13710898	0.006775884	-0.20516418	0.27288038	-0.18372789	-0.042697303	-0.058361795	-0.027926592	-0.015721725	-0.29153386	0.23433441	0.028546073	-0.25881326	0.059764024	-0.15591925	-0.08472165	-0.10020969	0.124305695	-0.0058643827	0.06663424	0.026995746	-0.5109275	0.08253103	-0.64790606	-0.28079033	-0.3011611	0.076355465	-0.009401667
-0.25092408	0.21625967	0.11580385	0.010904671	-0.21544431	0.28146166	-0.21196386	-0.058992896	-0.042972207	-0.022378646	-0.021426432	-0.3089566	0.25884762	0.018605698	-0.2765413	0.07497797	-0.16382174	-0.07578411	-0.13120462	0.14530721	0.0008299906	0.05397065	0.020352812	-0.5370511	0.08585288	-0.6775315	-0.31139708	-0.33776382	0.06757665	0.008752289
-0.2139098	0.18904953	0.1024608	0.002409009	-0.18195832	0.22917543	-0.1724599	-0.0317247	-0.037945565	-0.0051859026	-0.03841657	-0.2676455	0.19357158	0.012390318	-0.23986	0.048668295	-0.13532911	-0.07408483	-0.0934873	0.13264571	-0.021973358	0.06245937	0.022497067	-0.43297353	0.056971803	-0.56892955	-0.25568077	-0.2535094	0.058128495	-0.011599166
-0.27780986	0.28534478	0.15609129	0.005924475	-0.23370649	0.32784867	-0.2192454	-0.06679989	-0.059026744	-0.02694186	-0.034015268	-0.35927978	0.27824694	0.03986426	-0.30525154	0.08333216	-0.17575318	-0.09973957	-0.14381571	0.15168408	-0.018362882	0.06450649	0.025673343	-0.63025	0.088065214	-0.78806627	-0.33923024	-0.3884106	0.09024483	0.0124740405
-0.26963437	0.23701493	0.13156281	-0.004887608	-0.23070012	0.2868747	-0.20712301	-0.04542074	-0.058446806	-0.032795586	-0.034904238	-0.326591	0.26150274	0.050857887	-0.2872591	0.07814367	-0.17365594	-0.083439775	-0.12562798	0.14210711	-0.0008944805	0.058786288	0.040258788	-0.55441284	0.07726116	-0.7356815	-0.3164522	-0.36011416	0.082930565	0.008168498
-0.24833375	0.21406351	0.12864606	-0.016236069	-0.19299932	0.2687821	-0.19390762	-0.064056486	-0.056093	-0.00760055	-0.042145647	-0.27792674	0.22356895	0.01753261	-0.24054843	0.07164485	-0.13830915	-0.08869653	-0.106448874	0.12166736	-0.018643277	0.058461152	0.035634182	-0.4953068	0.049072597	-0.6134767	-0.265935	-0.30047986	0.064110294	0.014638937
-0.15220761	0.13492174	0.07012327	0.014973576	-0.13499796	0.14949459	-0.113716446	-0.01870222	-0.029149089	-0.022923492	-0.031871192	-0.16440941	0.14238954	0.013982922	-0.14516087	0.036415905	-0.09704661	-0.044196445	-0.07961239	0.07816264	-0.01861479	0.028306274	0.012446725	-0.3044907	0.029810447	-0.387425	-0.17902178	-0.19842272	0.044481568	0.0067724483
-0.1907975	0.19183138	0.094950825	-0.004391901	-0.16055252	0.22160785	-0.13790357	-0.0538135	-0.037617568	-0.032031182	-0.016932318	-0.23269014	0.18280974	0.027161306	-0.20444985	0.047549527	-0.106136784	-0.069827706	-0.08780108	0.09521992	-0.0069122203	0.057960168	0.0050743585	-0.42090142	0.056561522	-0.52807206	-0.23477882	-0.26491344	0.047599446	-0.012612362
-0.25267845	0.23541225	0.115264714	0.006852182	-0.19224435	0.27448598	-0.17518912	-0.04832336	-0.0627369	-0.0063599637	-0.03227621	-0.29206657	0.23255305	0.03025011	-0.2595622	0.060019515	-0.1436833	-0.07373901	-0.13275322	0.1415305	-0.007496524	0.04331708	0.035176598	-0.51152796	0.062660836	-0.66147316	-0.29421315	-0.32525694	0.079468906	0.008927851
-0.17551796	0.190836	0.09301412	-0.0044079297	-0.14627014	0.22144194	-0.14810406	-0.054162957	-0.03787441	-0.017419176	-0.03515896	-0.24221364	0.18645614	0.03573841	-0.2189061	0.041685242	-0.11472895	-0.06322177	-0.07647537	0.09139135	-0.0010477045	0.04229838	0.014319821	-0.3903117	0.06750556	-0.50555706	-0.22040012	-0.2531898	0.067869805	-0.015675867
-0.21714732	0.18316686	0.12048561	0.0090719145	-0.17058562	0.21974534	-0.16831508	-0.02774157	-0.033046864	-0.032365214	-0.03170531	-0.2548308	0.20379506	0.020653402	-0.23884943	0.04640805	-0.1298691	-0.07273107	-0.092900254	0.12574273	-0.020469021	0.04389758	0.028435685	-0.45157003	0.06771928	-0.5598163	-0.23783448	-0.2705254	0.08038602	0.002294673
-0.23526512	0.20503098	0.13264556	0.0043958845	-0.1924258	0.2623557	-0.18283546	-0.052910205	-0.044656895	-0.030944517	-0.04092226	-0.29164782	0.21768655	0.019763218	-0.23672944	0.05800599	-0.13711222	-0.07603452	-0.1073888	0.12836862	-0.024563765	0.048050158	0.008697143	-0.47351113	0.07687256	-0.6203201	-0.27400005	-0.30328706	0.06917559	0.012289678
-0.29158592	0.2705524	0.13622913	-0.0012961499	-0.2501373	0.32009616	-0.22864717	-0.06374236	-0.072317675	-0.035346795	-0.043050926	-0.3524131	0.28389427	0.052382246	-0.3014396	0.085701734	-0.16762158	-0.088572845	-0.12024711	0.1583171	-0.012892296	0.061938245	0.038353615	-0.5931386	0.07951637	-0.76162535	-0.34972078	-0.3810634	0.08401285	0.0016230997
