-0.17406632	0.34552857	-0.08274894	-0.077599406	0.36492068	0.516582	0.26686904	-0.36533904	-0.315719	-0.16562709	0.31904683	-0.4179006	0.6725566	-0.46385768	-0.10336006	-0.5881742	0.06259933	-0.18104042	0.05120854	-0.18333979	0.0705008	0.04762853	0.42629272	0.43817556	0.23455538	-0.24985029	-0.13326928	0.3812406	-0.16362624	-0.1690154
-0.16729303	0.3519621	-0.06839429	-0.106181115	0.37534234	0.54084027	0.29529235	-0.3924003	-0.33251467	-0.18716979	0.34335092	-0.44242737	0.7073198	-0.4796565	-0.07953398	-0.64665973	0.07228446	-0.17314844	0.078852534	-0.20708497	0.066963404	0.058330588	0.45476136	0.4722905	0.2357403	-0.26966283	-0.15090175	0.42066094	-0.17110018	-0.17799324
-0.18278176	0.36224663	-0.062387876	-0.11074924	0.37434912	0.54357123	0.30554464	-0.39875972	-0.35187852	-0.17178994	0.3517525	-0.44774783	0.7519882	-0.51682556	-0.10947497	-0.66276425	0.06755595	-0.1948191	0.080356374	-0.20426233	0.08245659	0.08006124	0.453531	0.4814358	0.24523151	-0.2890056	-0.16820431	0.41829222	-0.16397303	-0.18451281
-0.15014666	0.30984026	-0.05823493	-0.06640734	0.31385714	0.48723292	0.23413523	-0.367429	-0.28712043	-0.14786446	0.3024909	-0.3940082	0.62354654	-0.4200705	-0.082295194	-0.5549928	0.07970571	-0.16487938	0.06088257	-0.16253175	0.05615661	0.046715323	0.37837413	0.41656315	0.22907147	-0.22024885	-0.13729703	0.35278675	-0.15527426	-0.14565367
-0.17093422	0.35252613	-0.08117345	-0.08997522	0.3689863	0.52935785	0.29226878	-0.38728932	-0.32293814	-0.1743357	0.32718688	-0.4374181	0.7111003	-0.4755203	-0.10834394	-0.6351085	0.09056826	-0.17468195	0.054783314	-0.2079128	0.091223426	0.06318328	0.43343374	0.4439958	0.23361245	-0.27269104	-0.1377713	0.40651447	-0.16936545	-0.16157353
-0.14083691	0.32050577	-0.047844283	-0.07708652	0.32875675	0.48736385	0.2654689	-0.36394712	-0.29626802	-0.15257482	0.3031587	-0.3651692	0.642589	-0.44799682	-0.06607261	-0.567639	0.06985558	-0.1584799	0.064327985	-0.17376767	0.062768124	0.06248802	0.39643925	0.42397934	0.22191799	-0.22774538	-0.13286172	0.34782612	-0.15732937	-0.14482376
-0.17419684	0.340532	-0.08767228	-0.09155498	0.36852488	0.54290324	0.2668075	-0.38384566	-0.32766116	-0.15952481	0.3179162	-0.42594743	0.71532464	-0.4873042	-0.10135422	-0.6106479	0.08016528	-0.17250884	0.062898256	-0.18320031	0.08943385	0.07749745	0.42163914	0.46164912	0.24129784	-0.25837854	-0.14680564	0.4019998	-0.17463775	-0.17268617
-0.1549864	0.31952748	-0.07610653	-0.105432406	0.36131483	0.5139712	0.26054713	-0.39040253	-0.3013829	-0.16326673	0.3154267	-0.4195233	0.6826025	-0.47276402	-0.10418649	-0.62239563	0.07899395	-0.19729915	0.04288719	-0.20061247	0.05991005	0.06313927	0.44079998	0.455161	0.2506247	-0.24890924	-0.13266388	0.3797951	-0.16119313	-0.15459791
-0.17009014	0.3407889	-0.07296344	-0.07805832	0.3388119	0.5105359	0.27620357	-0.37180567	-0.2971987	-0.1575177	0.29910427	-0.40682533	0.662128	-0.46809578	-0.075874306	-0.5854574	0.059107985	-0.1926617	0.05329401	-0.18996945	0.05819956	0.05076663	0.3949884	0.42866144	0.21379377	-0.24844578	-0.1426011	0.39248022	-0.14316256	-0.16761112
-0.1423002	0.31217986	-0.06460817	-0.08133526	0.34523275	0.49858823	0.25887805	-0.37020564	-0.297565	-0.14602172	0.29284757	-0.3778349	0.6281606	-0.44451335	-0.077061445	-0.5721681	0.07854668	-0.16988389	0.043147102	-0.18067285	0.070204295	0.057598826	0.3962305	0.41040298	0.2365275	-0.2462975	-0.14956126	0.37165073	-0.14598636	-0.16888699
-0.13226853	0.30910844	-0.078982234	-0.082545236	0.29859406	0.44110218	0.23004247	-0.3246361	-0.2935675	-0.15459858	0.27564916	-0.3537846	0.6052705	-0.42156306	-0.07873504	-0.54984987	0.0802539	-0.15412353	0.03611638	-0.17527434	0.06339797	0.05902812	0.3793796	0.3925672	0.2163071	-0.24073903	-0.12009194	0.3342669	-0.13431364	-0.13025069
-0.13478164	0.29922715	-0.07557989	-0.086616844	0.3467956	0.4946329	0.24452278	-0.37527403	-0.30641687	-0.17493424	0.28316215	-0.38049817	0.65128475	-0.4279936	-0.0777175	-0.58084136	0.05751754	-0.16753294	0.06472178	-0.18668932	0.06325859	0.07643307	0.4049161	0.41027468	0.23758881	-0.2265265	-0.14410006	0.35197625	-0.14542066	-0.15528621
-0.13614947	0.30840752	-0.05313895	-0.09348907	0.35273552	0.4881091	0.2569706	-0.3525915	-0.31231743	-0.14635897	0.29845366	-0.38278502	0.65469426	-0.43174654	-0.09322426	-0.56939465	0.05341346	-0.16392407	0.06421421	-0.18731463	0.0755204	0.06488965	0.41444394	0.40851313	0.20822698	-0.22562695	-0.1477877	0.38092405	-0.14759724	-0.1676042
-0.14756414	0.31183645	-0.07576898	-0.06985947	0.34733716	0.49607697	0.24892358	-0.3430779	-0.2899578	-0.16337274	0.3104654	-0.3823421	0.643794	-0.42123795	-0.09983571	-0.55898815	0.077983014	-0.15845726	0.045164328	-0.16881557	0.059261147	0.056334265	0.4036969	0.41784337	0.21530466	-0.24752466	-0.12826934	0.3676327	-0.16177621	-0.16612807
-0.17423677	0.34890074	-0.083003454	-0.10702723	0.3508577	0.5238297	0.27575758	-0.39298677	-0.3118511	-0.18447138	0.3304876	-0.4404168	0.7113054	-0.45996216	-0.083423816	-0.6298728	0.067752145	-0.19009754	0.070274375	-0.20718865	0.05890653	0.07956144	0.4177302	0.4617947	0.23230502	-0.27854028	-0.15255536	0.38122252	-0.15134059	-0.17358704
-0.15077184	0.2882602	-0.049380768	-0.062010165	0.27965507	0.45049113	0.21278958	-0.30752665	-0.27946496	-0.13543077	0.260314	-0.34164816	0.56329393	-0.392476	-0.08394926	-0.5157095	0.06675669	-0.16007586	0.06690696	-0.1469189	0.060529754	0.05829652	0.35425678	0.3549049	0.20127724	-0.2108508	-0.124996565	0.30733192	-0.14399853	-0.1529951
-0.1251821	0.29394376	-0.05361397	-0.08978807	0.3214609	0.43566748	0.23862582	-0.34747246	-0.26592654	-0.12954369	0.27588737	-0.36747143	0.59862846	-0.40441164	-0.07520433	-0.5299741	0.07491052	-0.16652825	0.06526673	-0.171556	0.07337046	0.052644648	0.37493432	0.38187003	0.21324392	-0.21286017	-0.13838452	0.31827983	-0.1410099	-0.14766918
-0.14711845	0.3172079	-0.055146143	-0.075757444	0.32958996	0.47413236	0.233504	-0.35203317	-0.2911715	-0.1613274	0.3046027	-0.3644243	0.63563526	-0.41668418	-0.07768237	-0.536085	0.05671204	-0.17918508	0.047823556	-0.1553854	0.07665927	0.066647455	0.3927635	0.41247898	0.19742179	-0.24005112	-0.12225132	0.3510209	-0.14695854	-0.14693591
-0.1446086	0.30217543	-0.064078294	-0.09704803	0.3189287	0.45773622	0.25258097	-0.34778756	-0.27410716	-0.168078	0.2976052	-0.3724483	0.6249729	-0.42052612	-0.0706434	-0.5550533	0.07863747	-0.17149825	0.055454686	-0.15441217	0.059715122	0.05908088	0.36648965	0.4010048	0.22544122	-0.21216595	-0.13781168	0.34578297	-0.13379693	-0.14491412
-0.17082547	0.33275422	-0.075325325	-0.07955845	0.33745623	0.49586827	0.25101963	-0.38269132	-0.28800613	-0.14619009	0.3031782	-0.40186286	0.6614726	-0.4581808	-0.07151544	-0.59255224	0.08957274	-0.18175389	0.06860607	-0.1859084	0.07266963	0.043933272	0.39182985	0.4155095	0.23410088	-0.22735348	-0.13945466	0.3738564	-0.15882477	-0.14831452
-0.14300364	0.29368213	-0.04886808	-0.079333514	0.290278	0.4430822	0.23392887	-0.33617052	-0.27871436	-0.14752138	0.27902958	-0.36476725	0.568701	-0.39538443	-0.08539352	-0.5193203	0.07178981	-0.15953386	0.06189562	-0.17078325	0.05925992	0.070356324	0.35368696	0.38550264	0.19034788	-0.20611632	-0.123203285	0.33001775	-0.14314449	-0.1255455
-0.15893985	0.30897346	-0.051230118	-0.09314073	0.3198323	0.5007558	0.27125397	-0.37339306	-0.28926596	-0.1535389	0.29108146	-0.39677408	0.64196277	-0.44228134	-0.06902893	-0.5788714	0.068500094	-0.16970004	0.06237648	-0.19286624	0.08597533	0.0765663	0.38545695	0.40175548	0.23561871	-0.24311692	-0.13690138	0.35308498	-0.13894412	-0.1532737
-0.14891978	0.28370544	-0.060488403	-0.09627694	0.29514065	0.4626343	0.22465053	-0.3363208	-0.2622454	-0.13158706	0.26941404	-0.36146504	0.6148802	-0.4112025	-0.07481107	-0.52572644	0.047392555	-0.17500116	0.039593954	-0.14927213	0.07105547	0.064057395	0.36097398	0.3922393	0.19960561	-0.22728737	-0.11052644	0.33607653	-0.1355567	-0.12744972
-0.15230836	0.32505232	-0.06749168	-0.10249087	0.357768	0.49518532	0.26597092	-0.3652224	-0.30222374	-0.1609064	0.29104304	-0.39215615	0.64640015	-0.4476935	-0.09851126	-0.5808273	0.078489214	-0.1725044	0.053118724	-0.16575672	0.08529009	0.06043357	0.41741887	0.4088733	0.24113864	-0.23223035	-0.13331488	0.35371095	-0.14683254	-0.1428618
-0.14338604	0.30333826	-0.07451647	-0.074031144	0.32006812	0.4480348	0.2391313	-0.3279041	-0.26408604	-0.16368857	0.27698067	-0.36428615	0.62809485	-0.43179104	-0.07110642	-0.5460251	0.07038573	-0.15197761	0.049631827	-0.17617866	0.053546615	0.068345696	0.36673918	0.40894064	0.20362744	-0.21953629	-0.13212556	0.35011587	-0.13973744	-0.14485168
-0.1431523	0.28611997	-0.04578567	-0.06474517	0.32610586	0.43725786	0.25157514	-0.33355656	-0.2876337	-0.16375801	0.27397078	-0.36447245	0.5885306	-0.40886858	-0.07719386	-0.5157285	0.06291878	-0.15649866	0.036712814	-0.1560015	0.07530216	0.06863616	0.3845986	0.37832966	0.20784563	-0.22938745	-0.11911792	0.32416633	-0.13700338	-0.1327926
-0.1704162	0.31749403	-0.08642049	-0.07858141	0.34223717	0.52445585	0.2827705	-0.38739055	-0.30440018	-0.1803346	0.3003055	-0.40371394	0.6874832	-0.4554259	-0.07972531	-0.59021324	0.06436219	-0.16749488	0.06407949	-0.19652288	0.07751042	0.07920526	0.42268896	0.45019794	0.2397985	-0.2574196	-0.15140392	0.38981006	-0.17522399	-0.17194735
-0.12159381	0.25032368	-0.07279847	-0.07891426	0.28054178	0.41445047	0.21909945	-0.3205525	-0.24414933	-0.12293208	0.24995475	-0.34200323	0.5581772	-0.38216096	-0.08447199	-0.49401134	0.049529605	-0.15807487	0.06153558	-0.161638	0.054080077	0.05299179	0.32522357	0.36672223	0.19034794	-0.2169055	-0.102338545	0.29685974	-0.14216657	-0.12032649
-0.15079719	0.29796824	-0.047993224	-0.077390306	0.30307043	0.44067967	0.21599674	-0.3378916	-0.25821698	-0.15696475	0.27566257	-0.36610815	0.58719647	-0.3973681	-0.06967233	-0.4991909	0.07404385	-0.13927348	0.046847407	-0.15542284	0.074701265	0.055480268	0.34960872	0.38338634	0.20311956	-0.23153096	-0.12094013	0.3303929	-0.14602555	-0.14048225
-0.15609805	0.29517162	-0.058038402	-0.09246475	0.33201885	0.46890768	0.25857446	-0.33717537	-0.2928565	-0.15734844	0.30310646	-0.3841117	0.6379164	-0.43837103	-0.091765426	-0.5593878	0.05437327	-0.16972065	0.039773405	-0.17539857	0.060035955	0.0654495	0.39921725	0.40685704	0.21234977	-0.24730791	-0.12136452	0.36278886	-0.1637179	-0.16249603
-0.124998115	0.2506077	-0.04589694	-0.08792861	0.2681829	0.4074537	0.20786798	-0.30594262	-0.25827974	-0.13207228	0.23993066	-0.32450208	0.5572823	-0.38829267	-0.06749546	-0.49544457	0.073646665	-0.15367955	0.043074425	-0.1401081	0.05684528	0.04456927	0.33900005	0.36056677	0.18511538	-0.18774404	-0.10502514	0.2953491	-0.120161995	-0.13021411
-0.15988651	0.32798198	-0.06678873	-0.10102649	0.33968285	0.5169705	0.27002373	-0.3817365	-0.32914457	-0.16590561	0.3137676	-0.43288016	0.6983061	-0.4742597	-0.09760851	-0.6137282	0.089760356	-0.191801	0.04294637	-0.19823745	0.08710302	0.05193396	0.4291225	0.4348306	0.24918027	-0.27200055	-0.13744965	0.38381046	-0.16963762	-0.16850375
-0.15874757	0.3406569	-0.065589026	-0.10704979	0.35794026	0.5032528	0.27040672	-0.38095346	-0.31112444	-0.16818336	0.3265939	-0.41471466	0.7029439	-0.47074386	-0.08981383	-0.5968783	0.08292921	-0.16562724	0.062466227	-0.20341615	0.06060893	0.069863856	0.4223966	0.4508123	0.24308112	-0.24045257	-0.1324202	0.371941	-0.17272948	-0.17709401
-0.15942058	0.310829	-0.057297863	-0.07045574	0.35291377	0.49969146	0.25383842	-0.37424237	-0.3150033	-0.17602065	0.30269405	-0.40241623	0.6820606	-0.44541007	-0.101105615	-0.60243684	0.06223432	-0.19247982	0.057429116	-0.18965411	0.055007335	0.06072947	0.41636965	0.42620087	0.23562592	-0.23874554	-0.13506684	0.36088133	-0.15234618	-0.14698532
-0.13415122	0.24704456	-0.05109111	-0.059345216	0.2740273	0.4050783	0.2285446	-0.31519482	-0.25968772	-0.14195552	0.24863477	-0.32771403	0.55362576	-0.36530706	-0.06409751	-0.47587004	0.06849877	-0.12793802	0.031999312	-0.13784452	0.065506294	0.057147577	0.33212775	0.3532476	0.1900439	-0.19080769	-0.11810839	0.3075101	-0.11178312	-0.13076031
-0.13646819	0.28936547	-0.076312274	-0.06712775	0.31146622	0.47870937	0.26165706	-0.34497264	-0.2754868	-0.16828467	0.27405974	-0.3912526	0.61820954	-0.42349613	-0.076710805	-0.53572744	0.059332028	-0.17215863	0.061913297	-0.17756008	0.08151261	0.042089075	0.37924513	0.41815498	0.22903204	-0.2382228	-0.12804613	0.3615157	-0.14963363	-0.15718688
-0.14706565	0.28750753	-0.06803174	-0.07498359	0.31862453	0.45612904	0.2497764	-0.328566	-0.2857364	-0.15643564	0.26481095	-0.37600842	0.61858994	-0.42736998	-0.08919557	-0.54743093	0.065977454	-0.1513153	0.063470826	-0.15127885	0.073364526	0.06379635	0.35739815	0.39747807	0.21936876	-0.24004032	-0.13809194	0.34468192	-0.12531756	-0.15340842
-0.14747436	0.3029697	-0.064344555	-0.08744784	0.3192978	0.4754574	0.24643475	-0.3721078	-0.28114638	-0.15835245	0.29764575	-0.3856909	0.63364494	-0.42682463	-0.07801308	-0.5678869	0.058104344	-0.16619447	0.054889333	-0.1855752	0.06920592	0.0675715	0.4052484	0.41012928	0.2228675	-0.23095539	-0.12830314	0.36087462	-0.15392724	-0.14219473
-0.15986173	0.3375573	-0.0839514	-0.0758198	0.3397095	0.51676893	0.2667154	-0.36265835	-0.31066644	-0.15450686	0.30854455	-0.40955073	0.6751847	-0.46247485	-0.08817825	-0.5738122	0.07141386	-0.17785892	0.07010938	-0.17405888	0.07200172	0.075733006	0.42287922	0.4281858	0.22376211	-0.25853908	-0.14104784	0.36593437	-0.1545635	-0.16602321
-0.14688176	0.2744413	-0.06309969	-0.06389155	0.2885663	0.4175516	0.24576993	-0.31976816	-0.2752576	-0.14504634	0.28463423	-0.33214542	0.5861526	-0.40157446	-0.06878527	-0.50808495	0.050132573	-0.15849914	0.064024664	-0.17345068	0.04416231	0.049951226	0.3496284	0.37509844	0.2006985	-0.22296627	-0.13909248	0.31572974	-0.12750152	-0.14912039
-0.14523983	0.3174433	-0.070855685	-0.09530527	0.31926337	0.47370198	0.24376395	-0.33286422	-0.29871777	-0.16765396	0.27811345	-0.38179922	0.6194417	-0.4126863	-0.074530445	-0.5441321	0.07072476	-0.17313795	0.04295599	-0.16309683	0.08278526	0.048812527	0.38899484	0.41614977	0.21176177	-0.22989333	-0.1270591	0.35870633	-0.12897739	-0.14696106
-0.17192742	0.3151394	-0.077208295	-0.08938521	0.36164725	0.52494645	0.2749215	-0.38889748	-0.30745015	-0.17347245	0.32793808	-0.4107139	0.6873304	-0.47793	-0.100981124	-0.595682	0.07757526	-0.18446095	0.06279298	-0.18953212	0.08534971	0.05569643	0.4200429	0.43515223	0.21686634	-0.25121915	-0.13652103	0.37866697	-0.1577776	-0.15987453
-0.14975236	0.27393892	-0.061044134	-0.0645471	0.3108548	0.4479215	0.23535752	-0.3422748	-0.28096202	-0.14103703	0.26608858	-0.36868167	0.5911361	-0.40433374	-0.08667707	-0.5400363	0.06677775	-0.16752063	0.043355934	-0.16044632	0.08028903	0.051044814	0.35472777	0.39426723	0.19358261	-0.22021852	-0.11172077	0.32148272	-0.14767547	-0.15515782
-0.13371149	0.27783737	-0.05227935	-0.09099003	0.30160978	0.46723396	0.22827086	-0.34692004	-0.2901009	-0.14156027	0.28454116	-0.37165743	0.5845613	-0.41986507	-0.06930797	-0.516938	0.077337526	-0.16794032	0.05362765	-0.16483821	0.070209056	0.06857443	0.3555051	0.38808125	0.20977673	-0.2372257	-0.1353212	0.34948546	-0.14081961	-0.14942797
-0.14647351	0.299002	-0.06859646	-0.09389667	0.34021503	0.45906729	0.2538409	-0.35060546	-0.30000633	-0.16013452	0.3080536	-0.39637488	0.6171794	-0.44019812	-0.092423975	-0.5607391	0.06478563	-0.16807187	0.05036408	-0.16639495	0.05876912	0.07646598	0.38907585	0.40420222	0.23175353	-0.21945235	-0.14344624	0.3622598	-0.1509865	-0.1616109
-0.14408772	0.2857499	-0.050027423	-0.08185412	0.30262628	0.42477024	0.22659712	-0.33192906	-0.26604182	-0.14962402	0.27008656	-0.3628715	0.584261	-0.37977484	-0.078092456	-0.5090731	0.07425024	-0.15026519	0.04051684	-0.16593951	0.06423024	0.05585054	0.36864978	0.38428366	0.18409649	-0.21782787	-0.11695528	0.34142077	-0.13312006	-0.12977706
-0.12530835	0.2829104	-0.054590553	-0.090324715	0.29922602	0.41935816	0.24272062	-0.31692302	-0.25562772	-0.1448032	0.25777578	-0.3418198	0.560441	-0.38669708	-0.07939274	-0.5101768	0.053326007	-0.16138752	0.05424756	-0.1415432	0.06098948	0.04854846	0.36685276	0.35126972	0.1933623	-0.20522633	-0.11842479	0.33632016	-0.14523672	-0.12163511
-0.14747532	0.28782564	-0.07541697	-0.06915758	0.31055775	0.45678046	0.2386266	-0.33098966	-0.27024278	-0.14663564	0.27511507	-0.34457922	0.6012955	-0.4001914	-0.07564424	-0.5184781	0.047238372	-0.15841822	0.0611758	-0.17613125	0.07971574	0.067646906	0.37572947	0.3693578	0.20818827	-0.22132134	-0.13837413	0.32882768	-0.12713835	-0.14392631
-0.14525032	0.30932257	-0.07803667	-0.08001368	0.34294245	0.49855897	0.27350473	-0.37692198	-0.31587455	-0.16940145	0.30583876	-0.3931934	0.66395056	-0.45666462	-0.07882242	-0.5730838	0.06452014	-0.16053554	0.048727226	-0.18088768	0.07586572	0.04878469	0.39705867	0.4251221	0.21432918	-0.24968672	-0.14621878	0.35919783	-0.15030706	-0.15749943
-0.15978831	0.28917813	-0.08019776	-0.083471835	0.3362539	0.47721282	0.23893738	-0.35511237	-0.30224088	-0.13925871	0.30060047	-0.37406993	0.6407955	-0.43211567	-0.07301704	-0.5608876	0.06578927	-0.18301767	0.058804423	-0.16134502	0.07756617	0.056131613	0.3980437	0.4022492	0.23044673	-0.23697278	-0.14478621	0.3395715	-0.14137338	-0.14935671
-0.15812513	0.34200048	-0.065342	-0.081823446	0.3641964	0.49295914	0.2736961	-0.38142708	-0.30288577	-0.17029744	0.31151533	-0.41232762	0.6714094	-0.45762622	-0.09417965	-0.604075	0.06511411	-0.17232613	0.041077677	-0.19804387	0.08940925	0.055317894	0.3986924	0.4243368	0.24001111	-0.24861686	-0.15749663	0.37431598	-0.17129765	-0.17448202
-0.1323675	0.29697895	-0.058526926	-0.08241646	0.3189465	0.47464675	0.25927418	-0.35291016	-0.29821223	-0.16148697	0.29240155	-0.3608914	0.62749773	-0.4252574	-0.081233464	-0.5396714	0.07358391	-0.17162746	0.048829272	-0.18062632	0.050613385	0.046556205	0.38955253	0.4120435	0.20381153	-0.24529748	-0.14421421	0.35647473	-0.13196892	-0.1368338
-0.1714257	0.3047254	-0.06941162	-0.07278402	0.3353592	0.4995572	0.25325468	-0.3498457	-0.29931766	-0.15332624	0.30076176	-0.38717458	0.6639253	-0.45234835	-0.07008231	-0.56024873	0.080938	-0.19233333	0.075263314	-0.18878397	0.06396801	0.06018548	0.40598246	0.41711393	0.23072724	-0.23910902	-0.12790672	0.36329848	-0.16618462	-0.175251
-0.15409504	0.33565784	-0.0726182	-0.0861633	0.35269883	0.521412	0.25165942	-0.3826311	-0.3105034	-0.16361393	0.326353	-0.40328452	0.67292684	-0.44358772	-0.0866316	-0.5919674	0.074756555	-0.19478898	0.060322322	-0.17578645	0.064300776	0.052772883	0.4080034	0.43304592	0.23422739	-0.2334688	-0.15536629	0.38325194	-0.15995552	-0.15344055
-0.11149358	0.25076976	-0.05596592	-0.067192875	0.27419648	0.41271797	0.20414178	-0.29379153	-0.24965452	-0.14902209	0.24735865	-0.33610594	0.54100275	-0.38527104	-0.06729602	-0.5015085	0.062359657	-0.15079021	0.03245932	-0.15116203	0.0630203	0.049441155	0.33963552	0.33958477	0.19718343	-0.19141175	-0.12596595	0.3202358	-0.11930952	-0.11880127
-0.14556375	0.3163684	-0.08978275	-0.08454269	0.3457277	0.48628014	0.2677318	-0.3773499	-0.2791829	-0.16203472	0.3211237	-0.3972657	0.66174036	-0.44799474	-0.110352725	-0.6025247	0.05909327	-0.19626458	0.060039982	-0.18646124	0.06087109	0.08670075	0.37956908	0.45225343	0.2304362	-0.26913664	-0.13656412	0.37193123	-0.15993534	-0.16534182
-0.15583019	0.321612	-0.06662616	-0.095782995	0.3210178	0.4730475	0.26058736	-0.36822155	-0.30726206	-0.16516297	0.30197784	-0.39263815	0.6499629	-0.4466206	-0.09485993	-0.5501461	0.07484753	-0.18020418	0.05050012	-0.15897304	0.056404736	0.06460351	0.39234608	0.42454845	0.23193058	-0.22200178	-0.12137921	0.34549654	-0.15620507	-0.16183975
-0.11940022	0.2715779	-0.06522455	-0.0676645	0.27258873	0.39054132	0.20033337	-0.27906078	-0.23226906	-0.12452332	0.23761065	-0.31809172	0.52243036	-0.35404307	-0.08471767	-0.464924	0.03908585	-0.15390086	0.02945473	-0.13829187	0.068253696	0.05291731	0.33648312	0.34179986	0.17968877	-0.20948175	-0.12664063	0.3115289	-0.10855604	-0.13144071
-0.15937747	0.29946417	-0.067545466	-0.0680771	0.32793912	0.46594656	0.26004264	-0.3358869	-0.28714707	-0.16879426	0.29233593	-0.37930834	0.6256408	-0.42162386	-0.08091567	-0.55036736	0.06824886	-0.1800906	0.0373042	-0.17087424	0.064648464	0.05913616	0.39527825	0.3885404	0.20103794	-0.22853656	-0.1481975	0.3625369	-0.14675272	-0.14450845
-0.13524213	0.2968346	-0.07570694	-0.07691204	0.33147874	0.4481726	0.23531558	-0.3428125	-0.27725005	-0.13806026	0.2938272	-0.38076946	0.6177251	-0.41644365	-0.09044355	-0.5504956	0.05747189	-0.1640812	0.043952998	-0.16022015	0.05027838	0.04783428	0.38379025	0.41078225	0.20571542	-0.24038506	-0.14211076	0.34805414	-0.15607539	-0.1434006
-0.114770785	0.21497805	-0.034625243	-0.0417166	0.22323406	0.33143643	0.18045972	-0.24132323	-0.20280346	-0.10316139	0.20653398	-0.25751024	0.4116211	-0.27149567	-0.06517483	-0.3868114	0.044817336	-0.12701301	0.04216488	-0.12882689	0.02934114	0.033100266	0.26674896	0.25966805	0.15316983	-0.16992548	-0.07719928	0.2302664	-0.10321124	-0.10080037
-0.111633405	0.2594122	-0.0634106	-0.0762504	0.2913671	0.4067866	0.23050667	-0.32147172	-0.25128102	-0.12730947	0.24878928	-0.32598352	0.55533993	-0.3674056	-0.066970594	-0.48383904	0.066624224	-0.16307415	0.057820253	-0.14790215	0.07529284	0.06290979	0.350288	0.36714152	0.18138917	-0.2120555	-0.10225712	0.31979752	-0.13043578	-0.14056572
-0.13331564	0.24311626	-0.047968995	-0.08272299	0.2741573	0.39869952	0.2229873	-0.3024066	-0.25295344	-0.1230162	0.2397038	-0.331279	0.53840905	-0.34884456	-0.07486141	-0.4777242	0.05316877	-0.12972823	0.053044204	-0.14029884	0.042541396	0.06014874	0.33337528	0.3567663	0.18830313	-0.2094029	-0.09881281	0.29455394	-0.11988357	-0.11672844
-0.10688937	0.26966628	-0.06272464	-0.07978001	0.26882443	0.40423718	0.20470938	-0.2988608	-0.25624534	-0.13456161	0.24831527	-0.3244709	0.536993	-0.3719878	-0.06396832	-0.47922105	0.04755722	-0.12998071	0.035887063	-0.15659404	0.055774517	0.051150337	0.33364192	0.33248013	0.18912888	-0.2086919	-0.10192427	0.303632	-0.13408905	-0.12169334
-0.12408995	0.28278527	-0.072772294	-0.09140378	0.30099016	0.43928134	0.23231961	-0.31797183	-0.25360113	-0.14693868	0.27592096	-0.3585719	0.5697471	-0.37958747	-0.0795585	-0.50668156	0.067203544	-0.15419236	0.0434971	-0.14439315	0.06496834	0.06975563	0.35282183	0.38042137	0.19409905	-0.20943211	-0.1120632	0.33715802	-0.12251743	-0.13926685
-0.119869485	0.26302323	-0.05588139	-0.07419506	0.26747578	0.3944827	0.20582022	-0.3087018	-0.23233697	-0.12414436	0.23757878	-0.30503342	0.5450921	-0.37424195	-0.07968924	-0.47059423	0.052783094	-0.14567526	0.037613876	-0.15522908	0.058182582	0.06618646	0.34146294	0.34293237	0.18664761	-0.20102403	-0.1271975	0.31204763	-0.12488829	-0.13223772
-0.14545973	0.29588392	-0.05346534	-0.07736715	0.31657714	0.42850354	0.24805032	-0.31384432	-0.28715292	-0.14060768	0.26468465	-0.3511387	0.6038439	-0.41419482	-0.07463508	-0.5321987	0.059810303	-0.14648242	0.05006679	-0.16085932	0.056861293	0.05250637	0.352498	0.39334273	0.20347682	-0.21128708	-0.11078867	0.33344525	-0.1438692	-0.13458247
-0.14365996	0.33319184	-0.0625928	-0.071443625	0.34413433	0.5064006	0.2582541	-0.3778011	-0.30590662	-0.17140752	0.31928197	-0.41616425	0.6632106	-0.46670896	-0.07773004	-0.5972475	0.06003286	-0.17428015	0.057317965	-0.18599695	0.08498701	0.074111156	0.41933215	0.447784	0.22675025	-0.23334208	-0.15445597	0.37798455	-0.14854139	-0.17872858
-0.14312303	0.26174822	-0.04352469	-0.07958394	0.30447602	0.41229406	0.2324521	-0.32736942	-0.2742828	-0.15214033	0.2713282	-0.32455334	0.57674056	-0.3845013	-0.07342818	-0.4912813	0.046379182	-0.13697556	0.058620058	-0.1380481	0.06821843	0.06601754	0.35260835	0.36651906	0.18005612	-0.19116847	-0.120447405	0.30077642	-0.13896284	-0.119684346
-0.122677684	0.2529514	-0.040362723	-0.08710683	0.28326416	0.40332738	0.22664005	-0.30361995	-0.2386604	-0.12870017	0.26991105	-0.3476624	0.5336174	-0.3702682	-0.05656221	-0.49795428	0.056951396	-0.1366173	0.036761675	-0.1473478	0.06308833	0.0557905	0.34937364	0.36331615	0.20026463	-0.20030062	-0.11355883	0.30110314	-0.123093516	-0.11609762
-0.10618071	0.25428897	-0.053391237	-0.061818827	0.2845768	0.4119709	0.20057108	-0.31092033	-0.24791798	-0.13247037	0.24143003	-0.30177245	0.535396	-0.37613082	-0.06680367	-0.4537685	0.06890397	-0.12434272	0.05600187	-0.13316157	0.06289352	0.052430153	0.31138113	0.34714887	0.18695144	-0.20275176	-0.120307	0.28235638	-0.1272506	-0.12937056
-0.12948006	0.26205277	-0.045985628	-0.059912097	0.28959382	0.42261636	0.21630351	-0.33958486	-0.27293193	-0.13035762	0.27772084	-0.35165375	0.5822563	-0.39869323	-0.085936494	-0.5091055	0.06141708	-0.15114853	0.036356248	-0.15979707	0.048076708	0.044487424	0.34886038	0.378375	0.18912865	-0.2046722	-0.11636962	0.329953	-0.14243895	-0.14073262
-0.124065906	0.2626223	-0.059294682	-0.06684737	0.31291792	0.42662033	0.21556263	-0.3125093	-0.2792142	-0.13014135	0.25164762	-0.33355922	0.5584367	-0.3947469	-0.06598851	-0.49851507	0.053062078	-0.14603047	0.050845884	-0.14684272	0.056047987	0.043689005	0.34275898	0.35897955	0.19284454	-0.20904453	-0.107931204	0.32275602	-0.13717715	-0.14597164
-0.11302146	0.23822038	-0.03777264	-0.059562486	0.28033146	0.36713845	0.1951308	-0.27823454	-0.24190144	-0.13172415	0.2313297	-0.30239585	0.5082716	-0.35151464	-0.056826204	-0.44168782	0.053487074	-0.14430358	0.050828233	-0.12453939	0.055204	0.040038466	0.3263247	0.34390184	0.1709389	-0.2013221	-0.10079093	0.28447562	-0.13123223	-0.1061892
-0.1635483	0.30227616	-0.06872946	-0.08438225	0.3316586	0.49690306	0.25692928	-0.34455502	-0.30169684	-0.14786239	0.30587345	-0.38260797	0.6601429	-0.4509092	-0.07807184	-0.5599891	0.06349183	-0.18281771	0.04791526	-0.18472195	0.07425624	0.05414251	0.39335868	0.42090893	0.22383	-0.24733728	-0.13972826	0.36743447	-0.14459044	-0.1679583
-0.11171284	0.22520855	-0.02999435	-0.04697022	0.23185597	0.31702566	0.16024159	-0.25468174	-0.19799772	-0.11512264	0.20032991	-0.26919279	0.4473043	-0.2804999	-0.0742307	-0.39588118	0.053324558	-0.12910189	0.021606924	-0.10710845	0.05384844	0.035982642	0.2569754	0.28000525	0.14807892	-0.15608539	-0.08689293	0.24001811	-0.115872025	-0.09844235
-0.113110185	0.23718129	-0.04402938	-0.059506726	0.24276786	0.3766221	0.2001697	-0.27591777	-0.22413036	-0.10804866	0.2127609	-0.29897264	0.5033473	-0.34409142	-0.0694345	-0.43750006	0.054179884	-0.12747736	0.039623715	-0.14126632	0.06461489	0.04496553	0.2942858	0.3095251	0.16548169	-0.16771866	-0.115793206	0.28217158	-0.10215111	-0.13030896
-0.123164706	0.28189957	-0.050408162	-0.06307186	0.30064437	0.42313787	0.21080542	-0.31240734	-0.25343838	-0.15520297	0.24835284	-0.33601084	0.5509198	-0.39321008	-0.082694426	-0.48294747	0.058692135	-0.1469997	0.06465739	-0.1399437	0.053782456	0.038782086	0.34251204	0.35723472	0.19323929	-0.19794622	-0.12127866	0.32305646	-0.130222	-0.14057903
-0.118589334	0.27580014	-0.05938853	-0.083182685	0.27779973	0.42344067	0.21713305	-0.32383904	-0.2672555	-0.14996378	0.2552491	-0.32495442	0.5794052	-0.39512283	-0.06673276	-0.50563884	0.044635408	-0.15137164	0.037517857	-0.14452091	0.04487012	0.053904954	0.35721707	0.3653173	0.19574612	-0.2010833	-0.13486956	0.31582543	-0.11941144	-0.118480146
-0.13794427	0.28240895	-0.05802435	-0.072899684	0.30018607	0.4101569	0.2392745	-0.30837625	-0.27588618	-0.1328696	0.26014403	-0.33080515	0.55240697	-0.37542966	-0.06878861	-0.5102681	0.046062924	-0.16619249	0.055058476	-0.15644035	0.049544483	0.048766	0.33716726	0.36182815	0.17953083	-0.21065366	-0.13289958	0.3143616	-0.14818028	-0.13002029
-0.10436526	0.26672632	-0.046392053	-0.059802786	0.2610132	0.39510947	0.19990173	-0.30792755	-0.22691493	-0.13001671	0.24811813	-0.33263642	0.5352846	-0.35804313	-0.0626425	-0.4582695	0.07346463	-0.13569231	0.05631164	-0.1577833	0.048769332	0.060865566	0.30488944	0.32686108	0.16411704	-0.18312488	-0.09329213	0.30296966	-0.12622184	-0.12634966
-0.12144566	0.22343074	-0.058262195	-0.06861466	0.2437809	0.35527378	0.20053756	-0.27764508	-0.22558105	-0.13244352	0.21632332	-0.3043313	0.49054265	-0.34170264	-0.050899893	-0.44192755	0.05021492	-0.14447054	0.02493352	-0.13421284	0.05255253	0.05874973	0.30563545	0.3182349	0.1868473	-0.1834513	-0.08837444	0.2888162	-0.12563317	-0.12248752
-0.14104706	0.3175583	-0.0651421	-0.08528333	0.33211216	0.47228158	0.25795823	-0.34530815	-0.2924584	-0.16619547	0.28376636	-0.37849244	0.6291693	-0.44156003	-0.098488934	-0.5509944	0.08019842	-0.18387692	0.06281916	-0.17328788	0.06598921	0.07174073	0.394431	0.39680403	0.20452581	-0.24801253	-0.12567787	0.35709065	-0.15614288	-0.14972323
-0.14257778	0.27696246	-0.042642806	-0.06955639	0.28020763	0.42402685	0.21145989	-0.3220037	-0.24405198	-0.13455665	0.25096488	-0.34220725	0.5563051	-0.39489838	-0.084601626	-0.48786238	0.0665066	-0.13582759	0.060107492	-0.1621222	0.04945654	0.04992846	0.34858927	0.3649075	0.19968134	-0.20196943	-0.12713556	0.32127634	-0.134365	-0.12246551
-0.13751735	0.29034403	-0.05431285	-0.07894773	0.3035748	0.4491084	0.25382838	-0.32722586	-0.25978076	-0.15261874	0.2931494	-0.3691103	0.59518516	-0.419276	-0.0850645	-0.51957303	0.05009278	-0.14825316	0.046323918	-0.1738195	0.05383575	0.062343802	0.3726713	0.37124512	0.20592797	-0.23624988	-0.12309739	0.3453715	-0.12608002	-0.14457011
-0.13836777	0.29335323	-0.047847103	-0.058555074	0.30072293	0.43632004	0.23789716	-0.3162016	-0.27306825	-0.15472135	0.28016448	-0.36396843	0.6022287	-0.3961683	-0.08355841	-0.51500326	0.06866607	-0.17021182	0.069466874	-0.1561099	0.055617794	0.03800596	0.34946615	0.37289	0.21327521	-0.22709371	-0.1402918	0.3377115	-0.14449655	-0.13399106
-0.12915182	0.2803974	-0.06504458	-0.066730276	0.32392842	0.45542568	0.2300825	-0.35030344	-0.28076828	-0.15147987	0.26742128	-0.3807714	0.6115193	-0.4252181	-0.07226529	-0.54259694	0.07037233	-0.17301293	0.03903122	-0.17445579	0.08202668	0.044867612	0.38385496	0.38074914	0.20040415	-0.21208994	-0.14467806	0.3308676	-0.14759167	-0.14660966
-0.107810706	0.24702877	-0.06732172	-0.06670851	0.2786086	0.39472637	0.19222276	-0.28354612	-0.22470118	-0.14455387	0.22355545	-0.325093	0.51515716	-0.3411344	-0.065575734	-0.46092513	0.05149263	-0.13250142	0.057928015	-0.13913885	0.07024245	0.041132987	0.3031849	0.32269555	0.17039385	-0.20698473	-0.11358232	0.30429038	-0.124314785	-0.111578345
-0.14885403	0.30010808	-0.053528562	-0.07642033	0.30994463	0.4567684	0.23903254	-0.33329552	-0.2700786	-0.15390943	0.2882367	-0.35280603	0.6234984	-0.43224415	-0.09327552	-0.5361287	0.06993085	-0.16334811	0.045838412	-0.16424711	0.050691344	0.050606035	0.39138782	0.40779752	0.22509447	-0.21940713	-0.14332631	0.3543229	-0.13743046	-0.14647296
-0.13025473	0.29605517	-0.054678798	-0.074809544	0.3118061	0.45019013	0.22832207	-0.33572376	-0.28078794	-0.1335349	0.26456493	-0.35773093	0.6017106	-0.39830372	-0.086091824	-0.53965706	0.05979167	-0.14276731	0.03540687	-0.15389882	0.072054446	0.07204373	0.38249034	0.39897844	0.19903077	-0.20521359	-0.13753307	0.33652622	-0.15365818	-0.14672935
-0.12576193	0.24663402	-0.050130136	-0.051612094	0.26962477	0.3913445	0.20171583	-0.2692586	-0.2442974	-0.11805925	0.24622735	-0.3159584	0.50501996	-0.33185697	-0.07839662	-0.4520155	0.04139898	-0.14195207	0.030726852	-0.13147339	0.0448514	0.055378605	0.31272143	0.31195113	0.1755506	-0.17229837	-0.0983976	0.2997259	-0.12975709	-0.12921864
-0.15194903	0.29030302	-0.067082524	-0.07133162	0.32012153	0.44383335	0.24049123	-0.34286374	-0.26726523	-0.13593212	0.27788192	-0.3427391	0.59142196	-0.38809228	-0.069201514	-0.51606154	0.06880298	-0.13852088	0.043755844	-0.15219566	0.07830949	0.04295516	0.37439865	0.38027072	0.20418644	-0.20872481	-0.14041573	0.31581143	-0.12532414	-0.14392632
-0.104472525	0.2415701	-0.039569605	-0.04692642	0.23079342	0.3541089	0.18172453	-0.26377606	-0.2058107	-0.13189225	0.22581501	-0.29223838	0.46227208	-0.32133532	-0.05293634	-0.4214125	0.059205364	-0.13912867	0.036659654	-0.13270086	0.050441336	0.051939316	0.28966105	0.30106312	0.16412702	-0.18426542	-0.08547037	0.27132586	-0.10781945	-0.105651714
-0.1324797	0.26533628	-0.04192507	-0.05769933	0.27773085	0.39817366	0.19495262	-0.2877256	-0.25191593	-0.1353787	0.24446858	-0.32760656	0.5310772	-0.36426497	-0.06908123	-0.46114978	0.06041508	-0.13396735	0.040561385	-0.1457975	0.072635084	0.03286306	0.32043478	0.32787618	0.18061943	-0.20253272	-0.106487	0.31030494	-0.109365016	-0.12880656
-0.14935446	0.3301892	-0.08453542	-0.07333609	0.37229022	0.49976662	0.28156078	-0.37259686	-0.31783226	-0.16291298	0.32226497	-0.4039895	0.699525	-0.4761666	-0.086655065	-0.6053846	0.0684834	-0.19410065	0.058778502	-0.19018619	0.06627332	0.07557538	0.42876574	0.45693305	0.2474223	-0.26143184	-0.16111615	0.38622344	-0.15556131	-0.17489749
-0.12818208	0.2878223	-0.05541775	-0.07439282	0.32203653	0.4394012	0.22748281	-0.337052	-0.27517033	-0.15690675	0.28324232	-0.36765802	0.57732195	-0.38845164	-0.07524825	-0.5195134	0.07303924	-0.14377646	0.06455096	-0.1755719	0.05170829	0.051080044	0.3541573	0.37766153	0.2074341	-0.23088418	-0.13395299	0.34312108	-0.14035892	-0.14800774
-0.12963796	0.288663	-0.05040527	-0.07825346	0.32500324	0.43924963	0.24979948	-0.317269	-0.27014303	-0.1446327	0.26770088	-0.35001183	0.60301566	-0.4222629	-0.072019815	-0.51027614	0.05170848	-0.16697773	0.04475052	-0.16644421	0.057363	0.0578567	0.37920046	0.387278	0.21386091	-0.23758444	-0.12010266	0.33975974	-0.15331618	-0.15118696
-0.11635087	0.2645448	-0.06501214	-0.089085594	0.27394423	0.41224632	0.23226449	-0.3252471	-0.26053676	-0.120713055	0.24581213	-0.3227275	0.56414783	-0.3892901	-0.06998007	-0.5009087	0.044664558	-0.16281873	0.031573616	-0.14541094	0.05691947	0.04930947	0.3383893	0.35980928	0.20681496	-0.21179864	-0.12509558	0.32638064	-0.1386302	-0.12188303
-0.11472524	0.228059	-0.06453813	-0.049780585	0.27003542	0.37583837	0.20905563	-0.28844085	-0.23450615	-0.12814619	0.23502243	-0.30975357	0.49298748	-0.35129297	-0.07455644	-0.43216017	0.05505093	-0.11825925	0.04108497	-0.120435745	0.06732723	0.048722457	0.31148025	0.32376572	0.16561547	-0.19727479	-0.113073416	0.26722082	-0.10457896	-0.10812371
-0.15021989	0.28139868	-0.0658421	-0.077371456	0.30129403	0.42457628	0.2182885	-0.3312175	-0.2842286	-0.14598691	0.2529747	-0.35272	0.5959114	-0.3999517	-0.07621868	-0.4996191	0.059256412	-0.13866135	0.056413908	-0.15861164	0.059807193	0.04948273	0.360085	0.37384608	0.20811422	-0.21588436	-0.13124503	0.33812967	-0.14430362	-0.15487625
-0.13256656	0.30815077	-0.07204539	-0.08626205	0.3263236	0.4701537	0.24142554	-0.35453925	-0.26851746	-0.15119365	0.29226732	-0.369332	0.6005421	-0.43170163	-0.08424944	-0.5494418	0.06980117	-0.16595031	0.06689918	-0.1645597	0.07770421	0.046864	0.36172494	0.38623193	0.20838085	-0.22993177	-0.14281353	0.35454738	-0.14777151	-0.12939787
-0.14571077	0.2780405	-0.07413237	-0.08446462	0.30214125	0.4349053	0.2442002	-0.34846088	-0.28546962	-0.13267359	0.27919796	-0.35486963	0.59335554	-0.40708938	-0.07737142	-0.52120644	0.046934377	-0.16189611	0.03870151	-0.15748978	0.06279367	0.0684485	0.35950443	0.39521006	0.21188186	-0.23613589	-0.112726666	0.32252654	-0.15137944	-0.1448682
-0.16862984	0.30988955	-0.081643865	-0.0992068	0.33682108	0.5248043	0.2630367	-0.37958217	-0.30385792	-0.16970919	0.31426793	-0.3976394	0.6630749	-0.4526309	-0.092606604	-0.58943826	0.080865555	-0.18794818	0.06218949	-0.18374418	0.07796768	0.06103815	0.42169234	0.42316887	0.23796113	-0.25736356	-0.15383567	0.37796396	-0.1749175	-0.17348902
-0.10443182	0.23852858	-0.03403809	-0.06570382	0.24307829	0.35801068	0.18100758	-0.2639554	-0.22716099	-0.11225717	0.20409171	-0.2688935	0.47841457	-0.319667	-0.05973531	-0.42035347	0.049921114	-0.13057867	0.02959735	-0.13404879	0.03818132	0.05565012	0.3007821	0.2881554	0.1785017	-0.18217611	-0.11578502	0.27590278	-0.11221541	-0.11273412
-0.13013862	0.30281752	-0.060473915	-0.08990973	0.3287885	0.4662798	0.24328397	-0.33166382	-0.27708492	-0.15935045	0.2939639	-0.36687085	0.5995916	-0.39604586	-0.08714465	-0.5280164	0.049325038	-0.1635065	0.06514391	-0.17805618	0.07600715	0.041631475	0.38573918	0.37501976	0.21447445	-0.22467008	-0.12753825	0.32769763	-0.13302802	-0.1455043
-0.10286525	0.20501404	-0.028625187	-0.04903184	0.20677891	0.28463742	0.14688152	-0.22663012	-0.19604242	-0.0806744	0.19331497	-0.23871754	0.38165823	-0.25878263	-0.06440218	-0.34804317	0.0314842	-0.09222647	0.046725497	-0.11260181	0.049567427	0.045600448	0.24575639	0.25823197	0.12535577	-0.13078944	-0.09622146	0.21600886	-0.08405908	-0.09110824
-0.10754102	0.21390714	-0.059135705	-0.06953266	0.23553263	0.32318223	0.18143371	-0.24422778	-0.19880353	-0.109205805	0.20206209	-0.2559085	0.43097422	-0.3057702	-0.05735237	-0.3949341	0.056903187	-0.11562946	0.053292055	-0.13862906	0.057203844	0.036905553	0.26242056	0.277432	0.17023775	-0.15672693	-0.11044436	0.2460908	-0.1083346	-0.108388975
-0.1633956	0.35850942	-0.09065947	-0.114190534	0.367397	0.573798	0.3094813	-0.41853353	-0.34229895	-0.18896332	0.3321255	-0.45331383	0.74818814	-0.49190098	-0.0808116	-0.64370525	0.085654795	-0.19111109	0.047559336	-0.1885523	0.07346218	0.05624788	0.46759486	0.47969443	0.26921815	-0.2588782	-0.16614683	0.40289828	-0.17735483	-0.17369448
-0.14703277	0.28340572	-0.05663866	-0.06970804	0.3155386	0.4749292	0.23640035	-0.34764344	-0.29031613	-0.16230519	0.29853782	-0.36249283	0.609622	-0.4137128	-0.070226036	-0.52726233	0.065807015	-0.15917806	0.05786027	-0.15641174	0.049480937	0.06704658	0.3731228	0.40497014	0.19746229	-0.2350559	-0.14064333	0.35665378	-0.12950395	-0.14535673
-0.15287961	0.28491685	-0.062527604	-0.065429725	0.30164325	0.44614732	0.24908376	-0.35364953	-0.29005972	-0.1486975	0.27130955	-0.35117406	0.6199331	-0.39919433	-0.0909386	-0.5365674	0.07579317	-0.15520366	0.06413605	-0.15698832	0.0734852	0.06619617	0.36808568	0.3758804	0.19932967	-0.21365	-0.14064507	0.33105463	-0.12580316	-0.1509366
-0.11184155	0.23920384	-0.05071799	-0.06418889	0.24374397	0.38791263	0.191392	-0.29049307	-0.2299356	-0.13663366	0.24815829	-0.28491303	0.49197412	-0.34585664	-0.05584905	-0.43878478	0.0516897	-0.13622159	0.03710999	-0.13451748	0.04697263	0.046609744	0.30211464	0.32919332	0.18701787	-0.1850632	-0.11789896	0.2737402	-0.12978978	-0.1291891
-0.1534672	0.30635178	-0.0763696	-0.09016755	0.29815713	0.45998856	0.22707795	-0.3513727	-0.2883429	-0.15713772	0.27698335	-0.37501842	0.6016903	-0.4112189	-0.08069816	-0.5305195	0.057055216	-0.17423849	0.03639102	-0.17449023	0.0603883	0.040100634	0.37897083	0.3890372	0.21525402	-0.23914507	-0.13787863	0.35396	-0.15373576	-0.14588144
-0.12247667	0.2902988	-0.070511766	-0.08392356	0.27793062	0.41898963	0.20811787	-0.30045137	-0.25262386	-0.12589051	0.25087667	-0.34235892	0.5692431	-0.393155	-0.07714426	-0.5134121	0.04329616	-0.1586163	0.059327897	-0.14019978	0.0707461	0.037641533	0.36009142	0.36260325	0.1782575	-0.21989356	-0.117152534	0.31222034	-0.1468039	-0.14697167
-0.12719044	0.24264301	-0.057290435	-0.05843232	0.26301953	0.36520356	0.19446783	-0.2854719	-0.23041701	-0.12922709	0.22201459	-0.28303298	0.4925152	-0.3229878	-0.055193942	-0.4427811	0.037095543	-0.13670792	0.03419683	-0.12897682	0.053837325	0.045830466	0.28297824	0.32311633	0.17577448	-0.19641463	-0.11359423	0.26989383	-0.09953978	-0.13193084
-0.14281593	0.27790123	-0.064905144	-0.07947074	0.2957744	0.4472342	0.22870564	-0.3274755	-0.27347633	-0.16200341	0.28444943	-0.35509735	0.58516306	-0.3964163	-0.08895282	-0.5332486	0.04789694	-0.15691161	0.050661925	-0.14984366	0.0550081	0.058810156	0.34623927	0.38752687	0.18811049	-0.2200334	-0.12152047	0.31955498	-0.1293161	-0.1296713
-0.15227371	0.31277558	-0.07640249	-0.06951311	0.32342014	0.46704188	0.26494798	-0.34496143	-0.29718572	-0.14739352	0.30501807	-0.39035913	0.62367177	-0.42497927	-0.08396275	-0.5586573	0.076656654	-0.18232486	0.055292305	-0.17676677	0.06433273	0.045402393	0.37935394	0.4095638	0.20906095	-0.2237929	-0.14172885	0.3577758	-0.14949217	-0.16235061
-0.11893919	0.26676306	-0.057965454	-0.07885173	0.27388766	0.42283028	0.21172887	-0.31693122	-0.24276443	-0.14073703	0.23313747	-0.33241144	0.5278618	-0.3607334	-0.084185086	-0.4772987	0.040934023	-0.13119501	0.05461403	-0.14245108	0.07500394	0.062840246	0.33118182	0.3465145	0.18472487	-0.19485387	-0.104235694	0.29694235	-0.13447315	-0.14444104
-0.1188197	0.26848873	-0.06938933	-0.06583011	0.29372397	0.4156274	0.22345157	-0.30154008	-0.27010462	-0.1517218	0.26613018	-0.32233647	0.55349886	-0.39553514	-0.06229714	-0.48327476	0.046757925	-0.16234326	0.054872792	-0.16929418	0.06228362	0.061054524	0.33849493	0.34634686	0.20238853	-0.21670413	-0.12708619	0.3233766	-0.14052533	-0.14908493
-0.12945342	0.29398048	-0.07344739	-0.08698318	0.31402695	0.4281416	0.23764688	-0.32295504	-0.26240283	-0.13737735	0.26271853	-0.3455845	0.5649323	-0.4025292	-0.06419962	-0.5227251	0.046814214	-0.14206225	0.035837423	-0.15231524	0.07268058	0.04100111	0.35734868	0.38509387	0.20935048	-0.199584	-0.11060963	0.33177835	-0.13231353	-0.13732882
-0.102224775	0.22342598	-0.065672636	-0.05467496	0.23228213	0.3605992	0.18439399	-0.24816921	-0.19793834	-0.10868088	0.22383898	-0.29268032	0.45942897	-0.3053764	-0.054443333	-0.42404583	0.048456196	-0.124834575	0.031823073	-0.1202277	0.06276518	0.04256358	0.27132115	0.30542657	0.1726758	-0.1624613	-0.1066686	0.26375666	-0.1156577	-0.1193415
-0.13682473	0.31882665	-0.084901474	-0.07078889	0.3461783	0.4908163	0.27188575	-0.36764202	-0.28703913	-0.1766049	0.30590305	-0.39617532	0.6402839	-0.44151923	-0.09488549	-0.5903913	0.077963345	-0.17038001	0.047320656	-0.16585441	0.055802293	0.06551956	0.4088118	0.431858	0.21768634	-0.22757186	-0.141563	0.3753541	-0.14646573	-0.16215819
-0.12174811	0.27874076	-0.053596787	-0.08537841	0.3158722	0.4306749	0.22682886	-0.33246812	-0.26940614	-0.13281085	0.2569075	-0.3639158	0.59950304	-0.4022932	-0.07042589	-0.5279601	0.044842422	-0.16783273	0.034585755	-0.16413885	0.05788728	0.06878719	0.34876874	0.3619626	0.19329561	-0.22896543	-0.11605355	0.31932172	-0.12910447	-0.12652983
-0.1299142	0.26785195	-0.06817819	-0.064308755	0.29910845	0.4224021	0.22853532	-0.31133255	-0.25411248	-0.14534675	0.28014296	-0.33376122	0.55934066	-0.37815014	-0.07258762	-0.48781416	0.07148854	-0.15970942	0.03966489	-0.14464885	0.07829551	0.06164768	0.3542599	0.3585166	0.20049028	-0.21330059	-0.11360986	0.30750835	-0.12154579	-0.14313996
-0.113358155	0.24947383	-0.03969791	-0.07980721	0.26573244	0.3998634	0.20273437	-0.29279062	-0.23759073	-0.13835835	0.22734211	-0.29964754	0.5101839	-0.3581472	-0.061236788	-0.4514922	0.05607722	-0.14621948	0.05141036	-0.14995453	0.047072317	0.050919026	0.33308014	0.3426259	0.16772527	-0.18333271	-0.11531283	0.2880395	-0.11675759	-0.11070976
-0.13109598	0.27249423	-0.041971892	-0.058326963	0.2702951	0.4092934	0.22294012	-0.29433382	-0.26188055	-0.13611373	0.25840718	-0.32576957	0.5310762	-0.36090785	-0.06964938	-0.47643092	0.052563205	-0.12877955	0.06337685	-0.1628026	0.07312598	0.037166897	0.33607903	0.33673576	0.18289559	-0.20781812	-0.10352179	0.30211914	-0.11688256	-0.120288655
-0.110908695	0.21035904	-0.061817102	-0.06648632	0.24809134	0.36119595	0.18867116	-0.27651095	-0.20959595	-0.12757161	0.21385868	-0.29422867	0.4492177	-0.3180901	-0.051207103	-0.39432085	0.04192272	-0.11377696	0.03194664	-0.13782336	0.050008204	0.05072756	0.27283856	0.28626987	0.17093362	-0.17766611	-0.08905598	0.25810343	-0.111029975	-0.101220995
-0.1129249	0.24972734	-0.06690308	-0.07858802	0.28467324	0.39082545	0.21605733	-0.30323943	-0.23443805	-0.1344626	0.23621222	-0.29959127	0.51271033	-0.37133828	-0.053103495	-0.4446887	0.06855494	-0.12276867	0.053692006	-0.15626986	0.06561605	0.043140043	0.3044114	0.33028898	0.18016729	-0.20838557	-0.12143671	0.28579947	-0.116014495	-0.12480871
-0.117607206	0.2517256	-0.04817402	-0.060587283	0.272995	0.3911505	0.20887846	-0.295056	-0.23698512	-0.13905373	0.23730014	-0.31497553	0.5132104	-0.34337112	-0.070199825	-0.4475607	0.057456292	-0.117764875	0.04124933	-0.1380539	0.05803942	0.038812764	0.29575592	0.34359926	0.1748726	-0.1937176	-0.12500603	0.29831177	-0.10999364	-0.10537409
-0.10058815	0.23379184	-0.047495216	-0.07314528	0.27076575	0.36420834	0.20819493	-0.26829955	-0.23044987	-0.13243361	0.24481626	-0.3205431	0.5036247	-0.34011415	-0.07250679	-0.4351046	0.06551284	-0.13210829	0.046241574	-0.13604568	0.039042342	0.04707839	0.31394985	0.3188842	0.18799448	-0.20062779	-0.12027119	0.2672325	-0.13020745	-0.113970146
-0.13963678	0.2859605	-0.0806656	-0.06489146	0.31072912	0.44051322	0.23102303	-0.33789548	-0.28080368	-0.13321681	0.28186807	-0.37452218	0.6102592	-0.39559755	-0.08705477	-0.5549054	0.05530393	-0.1470372	0.03943592	-0.15974313	0.053660363	0.045190167	0.35655433	0.39676425	0.22573206	-0.23715565	-0.109250344	0.35558453	-0.14823422	-0.15652034
-0.10504415	0.2552048	-0.06058345	-0.05832749	0.26514202	0.38569155	0.19150308	-0.30069488	-0.2514301	-0.12295666	0.22721478	-0.32194316	0.53747386	-0.35207355	-0.07727126	-0.4469299	0.043287553	-0.12653825	0.040812287	-0.15439168	0.060568824	0.05439794	0.32241932	0.3424403	0.17621881	-0.18631756	-0.11404592	0.27734643	-0.115612835	-0.11963308
-0.14637515	0.28885183	-0.058456823	-0.075612195	0.296198	0.42734054	0.22685637	-0.3284486	-0.28445607	-0.13709526	0.27644327	-0.3638782	0.568697	-0.40868223	-0.087356664	-0.5265173	0.07399951	-0.15874653	0.04850919	-0.14698747	0.051822737	0.06400871	0.3658714	0.37563354	0.19302605	-0.21758792	-0.13324161	0.3307458	-0.13629244	-0.14969985
-0.1344075	0.26129013	-0.052589998	-0.08640093	0.2880869	0.42729723	0.21374612	-0.30850688	-0.26312563	-0.11981136	0.26909894	-0.32008335	0.54751796	-0.37135124	-0.08191196	-0.49459696	0.05603844	-0.15378217	0.03718352	-0.15068652	0.058293622	0.06251245	0.33628306	0.34732106	0.2051934	-0.19037326	-0.121600315	0.29408967	-0.11373921	-0.14477448
-0.09809906	0.23367865	-0.041307554	-0.0674071	0.24889652	0.37005222	0.19786756	-0.279768	-0.20353797	-0.122128665	0.2142815	-0.27669176	0.4733473	-0.30864367	-0.050378546	-0.4234887	0.066646405	-0.13855198	0.03922302	-0.12256311	0.041077506	0.046739038	0.30357182	0.30946994	0.15414047	-0.18425344	-0.106555946	0.27201587	-0.09676973	-0.13009505
-0.0986603	0.24316688	-0.041572582	-0.06328796	0.25771955	0.36045668	0.18792151	-0.26663652	-0.2075015	-0.124327585	0.21986665	-0.2934434	0.4663467	-0.32646015	-0.061259747	-0.42611414	0.033459973	-0.12905316	0.047618784	-0.13709202	0.048092425	0.04539781	0.2837482	0.2917831	0.16471034	-0.17641886	-0.09422891	0.25842357	-0.11747193	-0.11975565
-0.1487293	0.28407708	-0.05616845	-0.0698349	0.3168399	0.4338388	0.23519205	-0.3307408	-0.25813365	-0.12759808	0.25703827	-0.35348716	0.5862973	-0.41069782	-0.07158949	-0.51687074	0.07075071	-0.14145625	0.06143155	-0.16072296	0.052146252	0.0387857	0.3530994	0.3901645	0.20226593	-0.21971463	-0.13913532	0.32153618	-0.1452475	-0.14895886
-0.11729243	0.28145313	-0.0731242	-0.08729217	0.2937373	0.4214994	0.23074451	-0.2900711	-0.23673056	-0.1423022	0.23823474	-0.34592637	0.56630296	-0.376311	-0.06610758	-0.47889486	0.05376905	-0.1523327	0.058888465	-0.16412632	0.051262014	0.045413543	0.34189194	0.36192578	0.19528511	-0.21580923	-0.10184985	0.314747	-0.12217763	-0.1171693
-0.1363649	0.23605144	-0.05414278	-0.07910193	0.26570773	0.38451895	0.20527542	-0.27228424	-0.2272445	-0.11089762	0.23694831	-0.2946637	0.5207714	-0.3516969	-0.07362072	-0.4705949	0.04053865	-0.12249724	0.049491625	-0.15457758	0.04800605	0.061285876	0.33268905	0.33264765	0.17867261	-0.20855966	-0.11284461	0.27486932	-0.12077792	-0.11243517
-0.11758609	0.280111	-0.07797473	-0.058795284	0.31670508	0.4235795	0.2456335	-0.3187297	-0.26450384	-0.14370635	0.2688622	-0.35053566	0.5781656	-0.39863393	-0.062730156	-0.52293557	0.05724182	-0.15807559	0.063590854	-0.1481556	0.077415355	0.06081746	0.35344046	0.37340948	0.21605203	-0.22788693	-0.11696813	0.31157646	-0.1179115	-0.14912704
-0.17314646	0.3162614	-0.07281299	-0.08980581	0.36190176	0.5245521	0.27673057	-0.36066586	-0.30885842	-0.18100919	0.3187429	-0.41148543	0.6662161	-0.44409898	-0.105064385	-0.5853043	0.063880265	-0.18584824	0.046009872	-0.19622318	0.08214621	0.06713056	0.42776516	0.44041047	0.23791462	-0.24955763	-0.15588872	0.377896	-0.17229037	-0.15683122
-0.11814638	0.28286332	-0.04611847	-0.08142468	0.2966432	0.40627632	0.21887483	-0.30991694	-0.2483461	-0.14980322	0.26422378	-0.32982847	0.5608536	-0.38701242	-0.07844411	-0.48114872	0.06983156	-0.12974505	0.050305355	-0.15799503	0.06265162	0.06415573	0.34313858	0.36882448	0.20245862	-0.21067922	-0.12858891	0.29237413	-0.112735435	-0.1267525
-0.109078735	0.21242796	-0.055167682	-0.0750855	0.219449	0.339463	0.19807453	-0.25743517	-0.20454508	-0.113570094	0.22209422	-0.28686482	0.4630933	-0.30019003	-0.04398853	-0.4015751	0.043863367	-0.12323529	0.046017442	-0.120873444	0.055546742	0.05574591	0.2870958	0.3066752	0.1731535	-0.17096984	-0.09668149	0.27148676	-0.10560256	-0.108183786
-0.1401452	0.3355198	-0.05914664	-0.102441624	0.35904956	0.49778664	0.27786013	-0.37834314	-0.30878332	-0.16111957	0.31956917	-0.3931865	0.68771803	-0.47430608	-0.0783713	-0.6086169	0.082561016	-0.17473014	0.046994846	-0.18431567	0.075412065	0.056656763	0.39642155	0.44237223	0.22245489	-0.25526407	-0.13307866	0.3848407	-0.14147252	-0.14528005
-0.1019178	0.23453157	-0.063922696	-0.056627512	0.23436667	0.34819755	0.16609146	-0.24280377	-0.22656761	-0.10370214	0.20486984	-0.25901857	0.46631342	-0.30636325	-0.07423757	-0.4097047	0.04548046	-0.11405599	0.05488718	-0.1294338	0.06505497	0.05645634	0.26659054	0.30893198	0.1411847	-0.17227374	-0.08598559	0.24218649	-0.09034566	-0.118055746
-0.15799266	0.32229608	-0.06519299	-0.08665446	0.33304805	0.5065598	0.26809183	-0.38769677	-0.3050685	-0.15702681	0.322273	-0.40750286	0.6804492	-0.4498332	-0.095487334	-0.57517827	0.05385386	-0.16015664	0.056998655	-0.1695135	0.06622526	0.049921133	0.42546433	0.4117444	0.2198509	-0.23171005	-0.14941227	0.3701361	-0.16810957	-0.14325346
-0.1196253	0.22507994	-0.066517785	-0.055636737	0.26256976	0.37691683	0.20953888	-0.28755865	-0.23017557	-0.12533332	0.23977974	-0.28393874	0.5022813	-0.32987362	-0.07201343	-0.4443653	0.03533454	-0.1223556	0.04575201	-0.12554385	0.0436513	0.03946203	0.3146642	0.32348713	0.1598134	-0.17872955	-0.089983776	0.27676794	-0.11760568	-0.13120577
-0.0868612	0.18882011	-0.04631404	-0.047431737	0.20505466	0.32803187	0.16506015	-0.24702853	-0.20021667	-0.1147395	0.20529711	-0.24557868	0.43592235	-0.29758227	-0.043309454	-0.3786696	0.04116262	-0.10996822	0.04860519	-0.11939281	0.047810897	0.03623493	0.26112133	0.26562178	0.15726675	-0.15516743	-0.081170656	0.24606074	-0.09716819	-0.11165524
-0.11692379	0.24500449	-0.05185856	-0.07395104	0.24314667	0.35339183	0.21229014	-0.26106825	-0.2328141	-0.13502896	0.24345739	-0.2823078	0.50828415	-0.33271387	-0.06791419	-0.41738617	0.03958121	-0.14568032	0.050463878	-0.14140226	0.063038	0.029867832	0.29322284	0.31614146	0.16784301	-0.16841877	-0.09393275	0.26120144	-0.11069754	-0.10228287
-0.114117935	0.23808298	-0.049586058	-0.06531078	0.2517891	0.38903692	0.18834315	-0.29602358	-0.23127812	-0.11730838	0.2451816	-0.30944437	0.5021286	-0.356083	-0.058292814	-0.42958426	0.037355337	-0.12731175	0.033570465	-0.13365787	0.06318977	0.05811113	0.3163143	0.32837176	0.17988463	-0.19050364	-0.09568381	0.29094535	-0.11447603	-0.13175605
-0.14720893	0.26473612	-0.07043913	-0.06699602	0.29525205	0.43471503	0.20974767	-0.32327837	-0.25002173	-0.15057154	0.27595824	-0.33027336	0.56182337	-0.3715781	-0.07901841	-0.4924228	0.055070847	-0.1429406	0.053719215	-0.13896613	0.07643662	0.061863363	0.34636515	0.3571609	0.18573985	-0.20451047	-0.10188441	0.31409988	-0.14383106	-0.13022022
-0.09873796	0.21227224	-0.057099316	-0.062699914	0.23964307	0.34901547	0.17203738	-0.24916452	-0.21315286	-0.099906355	0.21819367	-0.2668924	0.47739747	-0.32882443	-0.07455934	-0.40239695	0.05130325	-0.12892361	0.0302936	-0.11507037	0.049491785	0.050321005	0.27826077	0.30111155	0.15290642	-0.17666537	-0.10654201	0.26392597	-0.09687303	-0.11977191
-0.116622426	0.27253464	-0.07283251	-0.076026805	0.29709166	0.41519058	0.2318572	-0.30772614	-0.26147833	-0.13309547	0.24768806	-0.31090316	0.55527884	-0.3579553	-0.067634776	-0.4888482	0.06659965	-0.1579232	0.040223625	-0.15231048	0.049341712	0.046968628	0.34893206	0.34518752	0.18944393	-0.20977628	-0.10282879	0.31640348	-0.1109802	-0.13789757
-0.104653776	0.23099658	-0.040158954	-0.056842893	0.25354332	0.3641192	0.19056472	-0.26104525	-0.22676596	-0.11524775	0.2186266	-0.2789447	0.48174715	-0.31402686	-0.061574474	-0.42182845	0.056108534	-0.11290706	0.04710391	-0.14455901	0.053352866	0.030300543	0.29866293	0.30007583	0.15455988	-0.18168677	-0.11001243	0.2810104	-0.10864472	-0.12146814
-0.12631641	0.22875519	-0.059319627	-0.07040275	0.24881327	0.34866518	0.1735279	-0.27667812	-0.22281547	-0.12983502	0.22123039	-0.2707158	0.45910802	-0.30775067	-0.07754304	-0.42720562	0.05981066	-0.13787043	0.04532043	-0.12311344	0.061361074	0.03854333	0.27794454	0.29355818	0.1709144	-0.1810172	-0.11523269	0.26142234	-0.1151497	-0.10591525
-0.13472089	0.25345194	-0.052110996	-0.05965819	0.29226425	0.4146392	0.2351155	-0.30080923	-0.2483635	-0.14369416	0.24800995	-0.32884005	0.5669728	-0.38406006	-0.07892234	-0.47448242	0.06576446	-0.13682055	0.05708252	-0.14613247	0.067669064	0.055373553	0.3376187	0.35648787	0.18868169	-0.22034027	-0.110707216	0.3011561	-0.14169462	-0.12850615
-0.12169376	0.28003564	-0.05598375	-0.075404316	0.30798241	0.44091502	0.2429213	-0.3330992	-0.28159317	-0.15798935	0.26645696	-0.3610496	0.5859712	-0.38690096	-0.082991034	-0.52070475	0.053373724	-0.15419663	0.039779946	-0.14295796	0.07869803	0.05293587	0.34888443	0.38650313	0.19135877	-0.20573996	-0.12510939	0.332031	-0.131268	-0.14403899
-0.12559581	0.27656347	-0.06999634	-0.09369615	0.3003583	0.427918	0.23971577	-0.32837477	-0.2618666	-0.14493096	0.2805874	-0.3594631	0.59163773	-0.39754185	-0.07833761	-0.509513	0.06828033	-0.16920857	0.063702665	-0.17392363	0.06504429	0.06837039	0.37495676	0.36208302	0.21404588	-0.21936525	-0.1081154	0.34350052	-0.1421506	-0.1345891
-0.1345028	0.28392547	-0.049568452	-0.06977442	0.29873464	0.42266583	0.24098556	-0.30079556	-0.27607667	-0.124824256	0.26796532	-0.33954915	0.5804083	-0.40071347	-0.05859824	-0.5040861	0.051258165	-0.1483305	0.06423672	-0.14988531	0.06663815	0.05886398	0.33942372	0.35138428	0.19445638	-0.19883296	-0.10937901	0.32717717	-0.13066614	-0.1376014
-0.10155984	0.22174746	-0.041590307	-0.07288062	0.23129049	0.35011438	0.19439512	-0.24001902	-0.19163312	-0.11478674	0.19534524	-0.26611155	0.44296995	-0.3211295	-0.067254394	-0.3799773	0.044771317	-0.12857105	0.039724454	-0.107027516	0.039280165	0.055589158	0.27384782	0.28218243	0.14141661	-0.16881566	-0.09383719	0.26302198	-0.117619805	-0.11448891
-0.10915972	0.20477842	-0.046447586	-0.06718285	0.19955255	0.30470175	0.17493592	-0.24321125	-0.19764079	-0.10293396	0.183724	-0.2433267	0.4143744	-0.2959651	-0.061944645	-0.36534262	0.040232252	-0.11956312	0.0498939	-0.10500873	0.041898165	0.022946628	0.24544692	0.26943812	0.14918718	-0.14212246	-0.08314878	0.21886736	-0.086242296	-0.09891068
-0.10292466	0.23106422	-0.06153703	-0.051459208	0.24965735	0.38465044	0.18825066	-0.28917325	-0.22668003	-0.11623891	0.22943328	-0.31326833	0.51135427	-0.33864665	-0.055875983	-0.4449012	0.04071672	-0.13849768	0.040625643	-0.15266453	0.06887796	0.039396964	0.3096337	0.3323258	0.17239265	-0.19258694	-0.1095738	0.29007494	-0.1068758	-0.12424459
-0.14439267	0.30820793	-0.04836597	-0.08216419	0.30089834	0.45125604	0.25213924	-0.3397672	-0.28456086	-0.14218207	0.26291576	-0.35512456	0.595357	-0.4183858	-0.09017967	-0.5173922	0.061283443	-0.1624731	0.036270205	-0.1542084	0.051743925	0.056015164	0.37186736	0.37894788	0.19474418	-0.2113469	-0.11080889	0.3259381	-0.14615847	-0.14645797
-0.14009699	0.26310855	-0.041444696	-0.07790051	0.29004884	0.42232233	0.21365517	-0.31228036	-0.23934829	-0.12550116	0.23885477	-0.34273502	0.562592	-0.37452143	-0.06333477	-0.4840822	0.069887646	-0.1464862	0.031711813	-0.1385901	0.057525612	0.04452112	0.3546972	0.35861942	0.19099426	-0.2136253	-0.116152406	0.30449176	-0.14164993	-0.12025323
-0.10266549	0.24115251	-0.045615263	-0.071211174	0.26485232	0.3704373	0.21084428	-0.2777819	-0.23581116	-0.115375906	0.21778075	-0.2995506	0.50968134	-0.33759758	-0.08008706	-0.4579287	0.0609964	-0.13024881	0.0500121	-0.14614724	0.060602546	0.036106292	0.3018362	0.30972347	0.17039217	-0.1997764	-0.10383032	0.27998897	-0.12971222	-0.10901088
-0.116718866	0.20576465	-0.04276266	-0.05996585	0.22472337	0.3445382	0.18735708	-0.2590032	-0.20271386	-0.11099849	0.19178885	-0.25276747	0.4276743	-0.31694153	-0.049504567	-0.39056695	0.059293702	-0.122476175	0.023998031	-0.10459379	0.032506704	0.031052498	0.26006904	0.27174038	0.15032049	-0.16160712	-0.09144615	0.25356442	-0.08796837	-0.11279762
-0.13266331	0.2668036	-0.043050185	-0.08072125	0.29730606	0.4285521	0.22055463	-0.30467552	-0.25655645	-0.1354481	0.24734488	-0.34083465	0.54697704	-0.35746744	-0.06568345	-0.47970325	0.04967989	-0.12901561	0.04037396	-0.13844812	0.06501513	0.042288013	0.35476318	0.35254368	0.19563754	-0.20766011	-0.103008196	0.32180065	-0.11878137	-0.1393196
-0.08910809	0.20390303	-0.049496558	-0.06823182	0.22991505	0.3526205	0.17746124	-0.26050106	-0.20945404	-0.11697707	0.21531302	-0.2674382	0.4428937	-0.3026219	-0.05153454	-0.4135074	0.04575669	-0.13696869	0.039862294	-0.12154555	0.040832195	0.050906375	0.26272517	0.28308067	0.1465163	-0.15987691	-0.10309073	0.2688327	-0.11146123	-0.09653581
-0.08379588	0.18035267	-0.03421143	-0.04260752	0.16599742	0.2681	0.14300941	-0.20055036	-0.15213552	-0.06981439	0.17488338	-0.19502404	0.34397542	-0.22326429	-0.046060264	-0.29440248	0.045307465	-0.10761877	0.032365758	-0.08838394	0.026831634	0.017541206	0.19954836	0.22068475	0.116994046	-0.1173708	-0.06936118	0.18051323	-0.074980594	-0.084607586
-0.09223054	0.20211959	-0.060407806	-0.05647762	0.21681294	0.33297902	0.17223337	-0.24859059	-0.20907035	-0.11223692	0.22151814	-0.28622854	0.45192054	-0.31517836	-0.04542666	-0.39342874	0.049393844	-0.1346517	0.045554604	-0.13311811	0.046781786	0.051529896	0.2858871	0.28088072	0.14277583	-0.17038968	-0.08802854	0.244421	-0.088326424	-0.1235214
-0.110713124	0.23978804	-0.06936038	-0.054927416	0.27212662	0.38373178	0.19609037	-0.29661852	-0.24021234	-0.14708753	0.24222021	-0.31376034	0.5407927	-0.35288337	-0.08556294	-0.47184172	0.045648783	-0.12784436	0.045241695	-0.12910897	0.06398221	0.05958952	0.32847378	0.33552524	0.18281825	-0.19413927	-0.11685626	0.2966817	-0.11956523	-0.11395475
